GENERO,NOME
Femininos,Aabigaia
Femininos,Aabima
Femininos,Aadidia
Femininos,Aairanizy
Femininos,Aaizabeen
Femininos,Aaizal
Femininos,Aaizayra
Femininos,Aaizel
Femininos,Aaizia
Femininos,Aakripa
Femininos,Aakris
Femininos,Aakrisca
Femininos,Aakritam
Femininos,Aalihara
Femininos,Aalys
Femininos,Aaraina
Femininos,Aarieth
Femininos,Aarijah
Femininos,Aaruniko
Femininos,Aarvika
Femininos,Aatiannahel
Femininos,Abbygaëla
Femininos,Abeedah
Femininos,Abelleta
Femininos,Abelyn
Femininos,Abete
Femininos,Abeth
Femininos,Abethifa
Femininos,Abethyla
Femininos,Abetânça
Femininos,Abhin
Femininos,Abhine
Femininos,Abielle
Femininos,Abiraê
Femininos,Abitania
Femininos,Abristia
Femininos,Abrita
Femininos,Abríciana
Femininos,Acandra
Femininos,Achimana
Femininos,Acrisa
Femininos,Acriz
Femininos,Adagida
Femininos,Adaisana
Femininos,Adaisien
Femininos,Adalaani
Femininos,Adalana
Femininos,Adaley
Femininos,Adalupe
Femininos,Adassna
Femininos,Adatou
Femininos,Addalin
Femininos,Addhiya
Femininos,Ade-Noéli
Femininos,Adelany
Femininos,Adelenor
Femininos,Adelete
Femininos,Adelikyara
Femininos,Adelissa
Femininos,Adelsea
Femininos,Adetita
Femininos,Adett
Femininos,Adidatou
Femininos,Adjamira
Femininos,Adjatope
Femininos,Adjatou
Femininos,Adjena
Femininos,Adjene
Femininos,Adrinda
Femininos,Adristine
Femininos,Agalis
Femininos,Agalisa
Femininos,Aganny
Femininos,Agnesisa
Femininos,Agnesita
Femininos,Aguelice
Femininos,Aguina
Femininos,Aguise
Femininos,Aguiyah
Femininos,Aicheila
Femininos,Aicheline
Femininos,Aidijatope
Femininos,Aihanne
Femininos,Aillope
Femininos,Aimartina
Femininos,Aimunah
Femininos,Ainaide
Femininos,Ainail
Femininos,Ainalana
Femininos,Ainina
Femininos,Aishaíssana
Femininos,Aisie
Femininos,Aissola
Femininos,Aissolete
Femininos,Aiyal
Femininos,Aiyania
Femininos,Akiam
Femininos,Akshima
Femininos,Akshmeea
Femininos,Aksiat
Femininos,Aksmina
Femininos,Alafaa
Femininos,Alafaelly
Femininos,Alandra
Femininos,Alaniel
Femininos,Alaninha
Femininos,Alavi
Femininos,Alayana
Femininos,Albernajara
Femininos,Albmira
Femininos,Albmirah
Femininos,Alcile
Femininos,Alciley
Femininos,Alcinta
Femininos,Alcíonela
Femininos,Aldryely
Femininos,Aleizaide
Femininos,Alejana
Femininos,Alemel
Femininos,Alenatou
Femininos,Alendra
Femininos,Alenedi
Femininos,Aleriah
Femininos,Aleriany
Femininos,Alerys
Femininos,Alerysa
Femininos,Alessiara
Femininos,Aleti
Femininos,Alette
Femininos,Alexana
Femininos,Aleyana
Femininos,Aleyca
Femininos,Alfani
Femininos,Alfatu
Femininos,Alherusa
Femininos,Alhonel
Femininos,Aliessy
Femininos,Aliette
Femininos,Alihaela
Femininos,Alilie
Femininos,Alilita
Femininos,Alimarie
Femininos,Alimas
Femininos,Alimasa
Femininos,Alindy
Femininos,Alinice
Femininos,Alisbah
Femininos,Alissole
Femininos,Alistina
Femininos,Aliyhamy
Femininos,Alizanne
Femininos,Allene
Femininos,Alliara
Femininos,Almercia
Femininos,Almirine
Femininos,Alvanda
Femininos,Alyance
Femininos,Alyanice
Femininos,Alyhamda
Femininos,Alyndie
Femininos,Alyssara
Femininos,Amaahara
Femininos,Amaddhi
Femininos,Amainhoa
Femininos,Amaizy
Femininos,Amalays
Femininos,Amanaine
Femininos,Amanny
Femininos,Amanura
Femininos,Amanye
Femininos,Amarayna
Femininos,Amarguedana
Femininos,Amariel
Femininos,Amarlai
Femininos,Amatara
Femininos,Amatila
Femininos,Amatu
Femininos,Amavian
Femininos,Amavin
Femininos,Amberena
Femininos,Amberna
Femininos,Amerin
Femininos,Amerys
Femininos,Amileya
Femininos,Amiluz
Femininos,Amineiva
Femininos,Amirinabo
Femininos,Amoret
Femininos,Amreea
Femininos,Amreece
Femininos,Amreeza
Femininos,Amritia
Femininos,Amritney
Femininos,Amyrine
Femininos,Amáriona
Femininos,Amélana
Femininos,Amélanna
Femininos,Amélisia
Femininos,Amélope
Femininos,Ana-Carlos
Femininos,Anabeen
Femininos,Anahyssa
Femininos,Anaisiya
Femininos,Analessy
Femininos,Anamirnadysl
Femininos,Anassmina
Femininos,Anatpreet
Femininos,Anayana
Femininos,Anaylisis
Femininos,Andelsia
Femininos,Andoram
Femininos,Andreane
Femininos,Andreice
Femininos,Andresis
Femininos,Andrinika
Femininos,Andyana
Femininos,Angelciana
Femininos,Angelcy
Femininos,Angelcyane
Femininos,Angelcyara
Femininos,Angeley
Femininos,Angelicianya
Femininos,Angellah
Femininos,Angendy
Femininos,Angenézer
Femininos,Angilda
Femininos,Angilde
Femininos,Angélsia
Femininos,Aniette
Femininos,Anishane
Femininos,Anishti
Femininos,Anissar
Femininos,Annahat
Femininos,Annata
Femininos,Annatér
Femininos,Annayanis
Femininos,Annelsy
Femininos,Annifer
Femininos,Anniffer
Femininos,Annuela
Femininos,Annyfer
Femininos,Anoelma
Femininos,Anshi
Femininos,Anshiva
Femininos,Antellen
Femininos,Antellya
Femininos,Anthie
Femininos,Antina
Femininos,Antinky
Femininos,Antónice
Femininos,Anueliah
Femininos,Anuelie
Femininos,Anuell
Femininos,Anuelly
Femininos,Anuelya
Femininos,Anuelyn
Femininos,Anuride
Femininos,Anusanda
Femininos,Anushda
Femininos,Anushitia
Femininos,Anuzangel
Femininos,Anycee
Femininos,Anélope
Femininos,Anélssa
Femininos,Anérciana
Femininos,Anísiana
Femininos,Apoiliana
Femininos,Apoilica
Femininos,Apoilin
Femininos,Apoilis
Femininos,Apoilivy
Femininos,Apoldina
Femininos,Apoliny
Femininos,Apriya
Femininos,Apruamara
Femininos,Aprudênci
Femininos,Aquine
Femininos,Arcely
Femininos,Areera
Femininos,Areesi
Femininos,Areti
Femininos,Arianete
Femininos,Aride
Femininos,Ariette
Femininos,Arijuli
Femininos,Arilie
Femininos,Arimeet
Femininos,Arinail
Femininos,Arinayaa
Femininos,Arindy
Femininos,Arinell
Femininos,Arinilde
Femininos,Ariolen
Femininos,Arioleti
Femininos,Arischi
Femininos,Ariscia
Femininos,Arismah
Femininos,Aritami
Femininos,Arith
Femininos,Aritxelly
Femininos,Arleyde
Femininos,Arlitana
Femininos,Arlotte
Femininos,Arluís
Femininos,Arluísa
Femininos,Arluíse
Femininos,Arminha
Femininos,Armjotilde
Femininos,Arolah
Femininos,Arolana
Femininos,Aroleth
Femininos,Arolia
Femininos,Aronia
Femininos,Aronie
Femininos,Aronike
Femininos,Arshaam
Femininos,Arshika
Femininos,Arsidan
Femininos,Arsilia
Femininos,Arsira
Femininos,Arunica
Femininos,Arushana
Femininos,Arushka
Femininos,Arushmee
Femininos,Aryce
Femininos,Aryelin
Femininos,Arynnel
Femininos,Arystalis
Femininos,Ashanie
Femininos,Ashfiye
Femininos,Ashira
Femininos,Ashni
Femininos,Ashti
Femininos,Ashvity
Femininos,Assandy
Femininos,Assangela
Femininos,Assara
Femininos,Assianca
Femininos,Assiara
Femininos,Assien
Femininos,Assiene
Femininos,Assimy
Femininos,Astaleen
Femininos,Atelentia
Femininos,Atellen
Femininos,Atelya
Femininos,Athaisa
Femininos,Athel
Femininos,Atijato
Femininos,Atilara
Femininos,Atilini
Femininos,Atimael
Femininos,Audemim
Femininos,Audia
Femininos,Audiatou
Femininos,Audimi
Femininos,Audine
Femininos,Auguida
Femininos,Auguila
Femininos,Augustýna
Femininos,Aurasey
Femininos,Aureannaya
Femininos,Aurelys
Femininos,Aurendy
Femininos,Aureyne
Femininos,Aurezina
Femininos,Auriyah
Femininos,Auryam
Femininos,Auryna
Femininos,Aurélany
Femininos,Avella
Femininos,Aveta
Femininos,Avneen
Femininos,Avondeya
Femininos,Avonela
Femininos,Avonny
Femininos,Awayana
Femininos,Ayaaniel
Femininos,Ayanaiana
Femininos,Ayanasra
Femininos,Ayanela
Femininos,Ayanreen
Femininos,Ayanreet
Femininos,Ayareet
Femininos,Ayarenair
Femininos,Ayarentya
Femininos,Ayariya
Femininos,Ayatali
Femininos,Ayeta
Femininos,Ayhanda
Femininos,Ayhandra
Femininos,Ayhanya
Femininos,Ayleio
Femininos,Ayleya
Femininos,Ayleyna
Femininos,Ayliar
Femininos,Aymile
Femininos,Aymilly
Femininos,Aynazia
Femininos,Aynazilde
Femininos,Ayslava
Femininos,Ayssana
Femininos,Ayssara
Femininos,Ayumina
Femininos,Ayunia
Femininos,Ayusana
Femininos,Ayushda
Femininos,Ayushika
Femininos,Azeen
Femininos,Azelma
Femininos,Azenai
Femininos,Aïssari
Femininos,Baahara
Femininos,Baaharea
Femininos,Baanveerat
Femininos,Bailmar
Femininos,Barali
Femininos,Baraya
Femininos,Barbina
Femininos,Bareece
Femininos,Bareer
Femininos,Bareet
Femininos,Bareezma
Femininos,Barena
Femininos,Barence
Femininos,Barenne
Femininos,Basandra
Femininos,Bassa
Femininos,Bassimra
Femininos,Bayanika
Femininos,Bayatou
Femininos,Beatra
Femininos,Beatricia
Femininos,Beatrida
Femininos,Beatrina
Femininos,Beatrindy
Femininos,Beatristina
Femininos,Bebia
Femininos,Beleonara
Femininos,Belyna
Femininos,Benilza
Femininos,Benislava
Femininos,Benita
Femininos,Benity
Femininos,Benés
Femininos,Bercianab
Femininos,Beresha
Femininos,Berezia
Femininos,Berezinho
Femininos,Berlani
Femininos,Berlany
Femininos,Berleen
Femininos,Berlett
Femininos,Berly
Femininos,Berlyn
Femininos,Bernady
Femininos,Bernaíma
Femininos,Bertine
Femininos,Bethaina
Femininos,Bethya
Femininos,Bethyana
Femininos,Bethyara
Femininos,Bhagya
Femininos,Bhavneet
Femininos,Bianaíde
Femininos,Biatra
Femininos,Bilgui
Femininos,Binaira
Femininos,Binalyn
Femininos,Bintanta
Femininos,Binthala
Femininos,Bintyna
Femininos,Bintynabú
Femininos,Blayene
Femininos,Bleen
Femininos,Bleezma
Femininos,Blene
Femininos,Blesi
Femininos,Bleska
Femininos,Bleslyn
Femininos,Blessyca
Femininos,Bohdanilsa
Femininos,Bohdanise
Femininos,Boura
Femininos,Bourora
Femininos,Branyce
Femininos,Brayuna
Femininos,Brea
Femininos,Brie
Femininos,Briely
Femininos,Briete
Femininos,Brigh
Femininos,Brighit
Femininos,Brilda
Femininos,Brilu
Femininos,Briluzia
Femininos,Brindy
Femininos,Brine
Femininos,Brisam
Femininos,Brise
Femininos,Briti
Femininos,Bronia
Femininos,Broniko
Femininos,Bronor
Femininos,Bronora
Femininos,Brooklynne
Femininos,Brunara
Femininos,Brunica
Femininos,Brunikshmi
Femininos,Bruniva
Femininos,Bryamela
Femininos,Bryami
Femininos,Brícia
Femininos,Bríciane
Femininos,Brígiadnne
Femininos,Buianabe
Femininos,Buiane
Femininos,Buiany
Femininos,Buiarah
Femininos,Buiatou
Femininos,Byannah
Femininos,Byanny
Femininos,Bárbaniya
Femininos,Béyona
Femininos,Béyonara
Femininos,Cadiana
Femininos,Cadidi
Femininos,Cadidia
Femininos,Cadidina
Femininos,Cadihanna
Femininos,Caditiana
Femininos,Caditiany
Femininos,Cadiyane
Femininos,Cadun
Femininos,Caduna
Femininos,Caeta
Femininos,Caeti
Femininos,Caetizia
Femininos,Caitaj
Femininos,Caitlalys
Femininos,Caliyana
Femininos,Callanna
Femininos,Callenne
Femininos,Callieth
Femininos,Camiah
Femininos,Camilana
Femininos,Camilén
Femininos,Camirel
Femininos,Camirunia
Femininos,Camitaj
Femininos,Camiyah
Femininos,Candrin
Femininos,Caoilah
Femininos,Caoilane
Femininos,Capucia
Femininos,Capuciel
Femininos,Cardanna
Femininos,Cardes
Femininos,Cardinabou
Femininos,Cardini
Femininos,Cardinine
Femininos,Carinny
Femininos,Caristia
Femininos,Caristie
Femininos,Carleena
Femininos,Carleesha
Femininos,Carleti
Femininos,Carleyca
Femininos,Carlitaj
Femininos,Carlizaveta
Femininos,Carluís
Femininos,Carmane
Femininos,Carmehek
Femininos,Carmella
Femininos,Caroanna
Femininos,Carolah
Femininos,Casecka
Femininos,Casela
Femininos,Caseléone
Femininos,Caseyna
Femininos,Casiyan
Femininos,Catace
Femininos,Catacey
Femininos,Catal
Femininos,Catara
Femininos,Catele
Femininos,Catelly
Femininos,Cater
Femininos,Cateren
Femininos,Cateres
Femininos,Cateriane
Femininos,Cath
Femininos,Cathana
Femininos,Cathella
Femininos,Cathie
Femininos,Cathifah
Femininos,Cathryna
Femininos,Cathycia
Femininos,Catiara
Femininos,Catiffer
Femininos,Catilinda
Femininos,Catiline
Femininos,Catimeet
Femininos,Catriclar
Femininos,Catris
Femininos,Catrisha
Femininos,Catrix
Femininos,Catt
Femininos,Cattlelis
Femininos,Catylee
Femininos,Catyleen
Femininos,Catylie
Femininos,Catylis
Femininos,Cayania
Femininos,Cayleidy
Femininos,Caylina
Femininos,Cecioussa
Femininos,Celayeliz
Femininos,Celeya
Femininos,Celilanny
Femininos,Celtinky
Femininos,Celtiny
Femininos,Cerah
Femininos,Cerat
Femininos,Cerenda
Femininos,Cerezia
Femininos,Cesca
Femininos,Cessina
Femininos,Chaela
Femininos,Chaella
Femininos,Chaelle
Femininos,Chaelloide
Femininos,Chaelly
Femininos,Chaline
Femininos,Chaliyah
Femininos,Chanis
Femininos,Chanisa
Femininos,Chantou
Femininos,Chanyara
Femininos,Charat
Femininos,Charee
Femininos,Charpana
Femininos,Charys
Femininos,Chayara
Femininos,Chayed
Femininos,Chayre
Femininos,Cheidia
Femininos,Cheine
Femininos,Chelany
Femininos,Chele
Femininos,Cheleah
Femininos,Chelete
Femininos,Chelissola
Femininos,Chellanne
Femininos,Chelope
Femininos,Chenna
Femininos,Cheslie
Femininos,Cheslle
Femininos,Cheve
Femininos,Chika
Femininos,Chimrany
Femininos,Chisa
Femininos,Chissa
Femininos,Chreea
Femininos,Chreed
Femininos,Chreem
Femininos,Chreen
Femininos,Chreet
Femininos,Chressia
Femininos,Chridani
Femininos,Chridce
Femininos,Chride
Femininos,Chrinca
Femininos,Chriola
Femininos,Chriolete
Femininos,Chrione
Femininos,Chriscile
Femininos,Chrisoke
Femininos,Chritia
Femininos,Chriyah
Femininos,Ciancy
Femininos,Ciannah
Femininos,Cibelia
Femininos,Cidian
Femininos,Cindianna
Femininos,Cindie
Femininos,Cintazia
Femininos,Ciritaj
Femininos,Ciritia
Femininos,Citliny
Femininos,Citlyn
Femininos,Citlynn
Femininos,Clainaara
Femininos,Clariah
Femininos,Clarijah
Femininos,Clarilza
Femininos,Claryah
Femininos,Clarystança
Femininos,Clauan
Femininos,Clauana
Femininos,Clauany
Femininos,Claurea
Femininos,Claureet
Femininos,Claurel
Femininos,Clauri
Femininos,Clauridhi
Femininos,Claurélina
Femininos,Cleidia
Femininos,Cleidyna
Femininos,Cleinal
Femininos,Cleiren
Femininos,Cleish
Femininos,Cleisie
Femininos,Clemena
Femininos,Cleong
Femininos,Cleonne
Femininos,Cleopatristi
Femininos,Clota
Femininos,Cloti
Femininos,Clotta
Femininos,Clotte
Femininos,Cláudinis
Femininos,Concé
Femininos,Consa
Femininos,Consi
Femininos,Consika
Femininos,Consina
Femininos,Consta
Femininos,Constaleen
Femininos,Conta
Femininos,Continka
Femininos,Coraly
Femininos,Cremie
Femininos,Cremim
Femininos,Crickaely
Femininos,Crisabeen
Femininos,Crischa
Femininos,Crise
Femininos,Crisis
Femininos,Crisla
Femininos,Crislava
Femininos,Crisoke
Femininos,Crisolanyu
Femininos,Crizabe
Femininos,Crizairat
Femininos,Crizana
Femininos,Crizangatasi
Femininos,Crize
Femininos,Criziah
Femininos,Crys
Femininos,Cryssa
Femininos,Créciany
Femininos,Créciara
Femininos,Crécily
Femininos,Cyannye
Femininos,Cyarysa
Femininos,Cynthyara
Femininos,Cyntiana
Femininos,Cyntiara
Femininos,Cyntinkal
Femininos,Cárenda
Femininos,Cárenilda
Femininos,Cármehjab
Femininos,Cármelin
Femininos,Cátimaa
Femininos,Cécilice
Femininos,Célindi
Femininos,Cíntine
Femininos,Dadela
Femininos,Dadelly
Femininos,Dadeye
Femininos,Dadidia
Femininos,Dadidja
Femininos,Dadihana
Femininos,Dadin
Femininos,Dadite
Femininos,Daeneza
Femininos,Dahimana
Femininos,Dailah
Femininos,Dailiah
Femininos,Dailis
Femininos,Dairat
Femininos,Daishani
Femininos,Daizia
Femininos,Dakpree
Femininos,Dakpreen
Femininos,Dakpreet
Femininos,Dalafae
Femininos,Dalayana
Femininos,Daleen
Femininos,Daleja
Femininos,Dalene
Femininos,Dalerina
Femininos,Dalesi
Femininos,Dalizéa
Femininos,Dalle
Femininos,Dalupe
Femininos,Damilya
Femininos,Danalaïara
Femininos,Danayshka
Femininos,Danity
Femininos,Dannalú
Femininos,Danniell
Femininos,Danyaret
Femininos,Darasha
Femininos,Dariete
Femininos,Darigh
Femininos,Darinara
Femininos,Darishti
Femininos,Darlania
Femininos,Darlie
Femininos,Darlisa
Femininos,Darpera
Femininos,Davini
Femininos,Davivia
Femininos,Dayaanie
Femininos,Dayareia
Femininos,Dayleya
Femininos,Dayolah
Femininos,Dayomiia
Femininos,Dayomilénia
Femininos,Dayomin
Femininos,Dazchele
Femininos,Dazcheok
Femininos,Deborany
Femininos,Debranca
Femininos,Debrayusa
Femininos,Deedhanie
Femininos,Deesis
Femininos,Deesyia
Femininos,Deesyiah
Femininos,Deissa
Femininos,Dejana
Femininos,Dejane
Femininos,Delesis
Femininos,Delilia
Femininos,Dellava
Femininos,Delyn
Femininos,Denaika
Femininos,Deniffanna
Femininos,Denigdhi
Femininos,Denisella
Femininos,Denisis
Femininos,Denity
Femininos,Densina
Femininos,Densinia
Femininos,Denyah
Femininos,Deolim
Femininos,Deolin
Femininos,Deoline
Femininos,Deriella
Femininos,Deritaj
Femininos,Derlani
Femininos,Derlanna
Femininos,Deryah
Femininos,Deryanna
Femininos,Desilda
Femininos,Desinha
Femininos,Desir
Femininos,Destephan
Femininos,Destia
Femininos,Deusari
Femininos,Deusete
Femininos,Devana
Femininos,Devanica
Femininos,Devilma
Femininos,Deyania
Femininos,Deyansa
Femininos,Deysia
Femininos,Deysiana
Femininos,Deyssa
Femininos,Dha
Femininos,Dhak
Femininos,Dhanah
Femininos,Dhanica
Femininos,Dharlana
Femininos,Dhridce
Femininos,Dhrinda
Femininos,Dhrione
Femininos,Dhriyah
Femininos,Dhruviges
Femininos,Dhvitte
Femininos,Dhvitóriane
Femininos,Dianaíma
Femininos,Didjar
Femininos,Dilandy
Femininos,Dilarila
Femininos,Dileksan
Femininos,Dileniara
Femininos,Dilisse
Femininos,Dilssy
Femininos,Dimathya
Femininos,Dimatou
Femininos,Dimilah
Femininos,Dinatou
Femininos,Diolah
Femininos,Diolani
Femininos,Dioliny
Femininos,Dionelly
Femininos,Dionelma
Femininos,Dionnor
Femininos,Diraina
Femininos,Dislaven
Femininos,Dislen
Femininos,Divalena
Femininos,Divani
Femininos,Divanie
Femininos,Diyance
Femininos,Diócadiva
Femininos,Djacia
Femininos,Djalafaa
Femininos,Djalaídea
Femininos,Djali
Femininos,Djalicy
Femininos,Djalnica
Femininos,Djami
Femininos,Djamin
Femininos,Djato
Femininos,Djatou
Femininos,Djatul
Femininos,Djaymê
Femininos,Djenaiana
Femininos,Djenata
Femininos,Djenia
Femininos,Djenica
Femininos,Djenilde
Femininos,Djenizy
Femininos,Djenna
Femininos,Djenne
Femininos,Djenni
Femininos,Djenyah
Femininos,Djucena
Femininos,Dolome
Femininos,Dolomiane
Femininos,Dolomina
Femininos,Dolomiyah
Femininos,Dolora
Femininos,Domi
Femininos,Domia
Femininos,Domiia
Femininos,Domiilly
Femininos,Domine
Femininos,Domiya
Femininos,Domiyal
Femininos,Donatal
Femininos,Doraisha
Femininos,Doriame
Femininos,Douany
Femininos,Dounah
Femininos,Driam
Femininos,Driamy
Femininos,Drie
Femininos,Drine
Femininos,Drinelle
Femininos,Drinine
Femininos,Ducel
Femininos,Ducele
Femininos,Ducena
Femininos,Dulcia
Femininos,Dulcione
Femininos,Dunaida
Femininos,Dylaritveena
Femininos,Dámarina
Femininos,Dássiany
Femininos,Déboraia
Femininos,Déborayara
Femininos,Dórianne
Femininos,Dórisoke
Femininos,Ebedeny
Femininos,Ebedery
Femininos,Ebenizy
Femininos,Ecata
Femininos,Ecattley
Femininos,Eddalerin
Femininos,Eddaliane
Femininos,Eddalu
Femininos,Edela
Femininos,Edensiat
Femininos,Ederly
Femininos,Edesidhi
Femininos,Edikael
Femininos,Edilah
Femininos,Edilania
Femininos,Edilreen
Femininos,Edinoah
Femininos,Editam
Femininos,Edithaila
Femininos,Editia
Femininos,Editiane
Femininos,Edlli
Femininos,Edlyna
Femininos,Edlynda
Femininos,Edmariana
Femininos,Edmarin
Femininos,Edmarinha
Femininos,Edmaylar
Femininos,Ednaisha
Femininos,Eduanna
Femininos,Edzandra
Femininos,Eganala
Femininos,Eimarjot
Femininos,Ekamilde
Femininos,Ekamin
Femininos,Ekata
Femininos,Elail
Femininos,Elaissol
Femininos,Elayanni
Femininos,Elcily
Femininos,Elcintonia
Femininos,Eleanny
Femininos,Elendyana
Femininos,Elenice
Femininos,Elenisha
Femininos,Eleoniko
Femininos,Eleonilma
Femininos,Eletança
Femininos,Eleyani
Femininos,Eleyca
Femininos,Elicína
Femininos,Elikyanie
Femininos,Elikyanna
Femininos,Elimansi
Femininos,Elinalic
Femininos,Elinaliya
Femininos,Elindira
Femininos,Elineet
Femininos,Elinina
Femininos,Elisabel
Femininos,Elisatou
Femininos,Elisbah
Femininos,Elisber
Femininos,Elisoke
Femininos,Elissatu
Femininos,Elissini
Femininos,Elissolet
Femininos,Elisânge
Femininos,Ellavin
Femininos,Elleyla
Femininos,Ellicia
Femininos,Ellinda
Femininos,Ellini
Femininos,Ellope
Femininos,Ellyara
Femininos,Ellyha
Femininos,Ellyse
Femininos,Elmarin
Femininos,Elmirat
Femininos,Elmirysa
Femininos,Elmusaini
Femininos,Elnorah
Femininos,Eloisada
Femininos,Elonara
Femininos,Elope
Femininos,Eloren
Femininos,Eloret
Femininos,Elshi
Femininos,Elvinine
Femininos,Elynara
Femininos,Elzhan
Femininos,Elzhana
Femininos,Elzhane
Femininos,Elzharli
Femininos,Eléonika
Femininos,Emanne
Femininos,Emanora
Femininos,Emansa
Femininos,Emariella
Femininos,Ematal
Femininos,Ematalifiya
Femininos,Ematasia
Femininos,Ematou
Femininos,Ematu
Femininos,Emelilla
Femininos,Ement
Femininos,Ementya
Femininos,Emiella
Femininos,Emielle
Femininos,Emilani
Femininos,Emilara
Femininos,Emileila
Femininos,Emiliny
Femininos,Emmana
Femininos,Emmayane
Femininos,Emmayania
Femininos,Emmayia
Femininos,Emmayley
Femininos,Emmelánie
Femininos,Emylah
Femininos,Emylar
Femininos,Emyleen
Femininos,Emyleia
Femininos,Emyllava
Femininos,Eniferna
Femininos,Enishti
Femininos,Enitsherica
Femininos,Enolania
Femininos,Enoralia
Femininos,Enorene
Femininos,Enziska
Femininos,Eriell
Femininos,Eriellana
Femininos,Erielle
Femininos,Erinessia
Femininos,Eristine
Femininos,Ermeha
Femininos,Ermehjab
Femininos,Ermehr
Femininos,Ermela
Femininos,Ermella
Femininos,Ermena
Femininos,Ermina
Femininos,Ermine
Femininos,Erydjenne
Femininos,Eryelly
Femininos,Erysol
Femininos,Esendiana
Femininos,Eshabira
Femininos,Eshalaïa
Femininos,Eshanne
Femininos,Eshaya
Femininos,Eshtmeea
Femininos,Esmeea
Femininos,Esmeet
Femininos,Esmercia
Femininos,Espera
Femininos,Esperlee
Femininos,Esperol
Femininos,Estalemel
Femininos,Estelyn
Femininos,Esteresi
Femininos,Estereza
Femininos,Esterid
Femininos,Esterio
Femininos,Estia
Femininos,Estiane
Femininos,Estianny
Femininos,Estina
Femininos,Estrélice
Femininos,Estéphana
Femininos,Estércia
Femininos,Etsance
Femininos,Etsanny
Femininos,Eucine
Femininos,Eucivanie
Femininos,Eugenifer
Femininos,Eugéness
Femininos,Eukendra
Femininos,Eukenysa
Femininos,Eukenza
Femininos,Eukeyna
Femininos,Eunilda
Femininos,Eunis
Femininos,Euraine
Femininos,Eurashti
Femininos,Euriame
Femininos,Eurie
Femininos,Eurina
Femininos,Evaleya
Femininos,Evansini
Femininos,Evelicia
Femininos,Evella
Femininos,Evelyara
Femininos,Evelyssa
Femininos,Evi-Jorda
Femininos,Exceline
Femininos,Excelle
Femininos,Excelma
Femininos,Ezella
Femininos,Ezelma
Femininos,Ezequi
Femininos,Ezequim
Femininos,Ezesa
Femininos,Ezinha
Femininos,Eáriola
Femininos,Faatiana
Femininos,Faatimato
Femininos,Fabitaj
Femininos,Fabrigh
Femininos,Fabrin
Femininos,Fabrita
Femininos,Fadijab
Femininos,Fadiyat
Femininos,Fairanie
Femininos,Fajane
Femininos,Fajatu
Femininos,Fanie
Femininos,Fantone
Femininos,Faree
Femininos,Fareet
Femininos,Fareni
Femininos,Faret
Femininos,Farolela
Femininos,Farraida
Femininos,Farraisa
Femininos,Fatela
Femininos,Fatella
Femininos,Fatelly
Femininos,Fatereen
Femininos,Fateren
Femininos,Faterine
Femininos,Fatijatú
Femininos,Fatilica
Femininos,Fatully
Femininos,Fatuman
Femininos,Fausa
Femininos,Faustal
Femininos,Felicy
Femininos,Felika
Femininos,Felima
Femininos,Felindie
Femininos,Felísis
Femininos,Fer
Femininos,Ferinci
Femininos,Filiany
Femininos,Filiny
Femininos,Filisia
Femininos,Filivy
Femininos,Filome
Femininos,Filomi
Femininos,Filomá
Femininos,Filonara
Femininos,Fionnye
Femininos,Fiore
Femininos,Fioren
Femininos,Firda
Femininos,Flaveta
Femininos,Flavete
Femininos,Florbelly
Femininos,Floreda
Femininos,Floren
Femininos,Floriah
Femininos,Floriia
Femininos,Floriya
Femininos,Florrah
Femininos,Florrai
Femininos,Fláviana
Femininos,Foraina
Femininos,Francha
Femininos,Franda
Femininos,Franelia
Femininos,Frankira
Femininos,Franpree
Femininos,Franpreer
Femininos,Fransa
Femininos,Fransi
Femininos,Franza
Femininos,Fredana
Femininos,Fredel
Femininos,Frederyka
Femininos,Fridhi
Femininos,Fyliara
Femininos,Fylinda
Femininos,Fylis
Femininos,Fátiara
Femininos,Gabiga
Femininos,Gabigaia
Femininos,Gabrany
Femininos,Gabrayla
Femininos,Gabria
Femininos,Gabriana
Femininos,Gabriato
Femininos,Gabrigh
Femininos,Gabrigite
Femininos,Gabrilu
Femininos,Gabrinna
Femininos,Gabris
Femininos,Gabrit
Femininos,Gabrita
Femininos,Gabriz
Femininos,Gabrizara
Femininos,Gaelain
Femininos,Gaianne
Femininos,Gaithyiah
Femininos,Garinah
Femininos,Gavivia
Femininos,Geisabel
Femininos,Geisse
Femininos,Geizanna
Femininos,Gelai
Femininos,Gelaishka
Femininos,Gelica
Femininos,Gelie
Femininos,Gelinna
Femininos,Gematu
Femininos,Gematul
Femininos,Genci
Femininos,Gencia
Femininos,Gendia
Femininos,Genedin
Femininos,Genira
Femininos,Georgaux
Femininos,Geovanayra
Femininos,Geovandra
Femininos,Gerah
Femininos,Gerat
Femininos,Gerna
Femininos,Gernady
Femininos,Gernajna
Femininos,Gernara
Femininos,Gernarat
Femininos,Geruna
Femininos,Gerushmi
Femininos,Giadaina
Femininos,Giadne
Femininos,Gianete
Femininos,Gilsiana
Femininos,Gilssia
Femininos,Ginardes
Femininos,Girissana
Femininos,Giritte
Femininos,Gise
Femininos,Giselina
Femininos,Gises
Femininos,Gishu
Femininos,Gislava
Femininos,Gislavone
Femininos,Glauryne
Femininos,Glaye
Femininos,Glenti
Femininos,Glorbel
Femininos,Goren
Femininos,Gorenabel
Femininos,Gorenne
Femininos,Grachiara
Femininos,Grachima
Femininos,Grachinia
Femininos,Grachne
Femininos,Gracine
Femininos,Gracirat
Femininos,Grazea
Femininos,Grazelle
Femininos,Grazia
Femininos,Grazie
Femininos,Grazinn
Femininos,Grazira
Femininos,Greia
Femininos,Greidy
Femininos,Grein
Femininos,Greina
Femininos,Guadaira
Femininos,Guadatou
Femininos,Guadavi
Femininos,Gudusua
Femininos,Guidania
Femininos,Guinto
Femininos,Guiomaia
Femininos,Guisia
Femininos,Guisse
Femininos,Gulmirina
Femininos,Gurlent
Femininos,Gurleya
Femininos,Gurmehr
Femininos,Gurmel
Femininos,Gurnana
Femininos,Gurnara
Femininos,Gurnaíra
Femininos,Gurnaís
Femininos,Gursika
Femininos,Gursire
Femininos,Gyse
Femininos,Gyseane
Femininos,Gélika
Femininos,Génesse
Femininos,Gênes
Femininos,Gênessy
Femininos,Gênessyca
Femininos,Gênestel
Femininos,Haali
Femininos,Haalicia
Femininos,Haaliza
Femininos,Habiga
Femininos,Hadaiva
Femininos,Hadatu
Femininos,Hadiam
Femininos,Hadiany
Femininos,Hadidiva
Femininos,Hadijab
Femininos,Hadina
Femininos,Hadira
Femininos,Hadisha
Femininos,Hadita
Femininos,Hadjena
Femininos,Hairani
Femininos,Haizabel
Femininos,Hajato
Femininos,Hajatu
Femininos,Hajpree
Femininos,Hajpreen
Femininos,Halaviane
Femininos,Haldinor
Femininos,Halicarmi
Femininos,Halize
Femininos,Halyn
Femininos,Halys
Femininos,Hamargun
Femininos,Hamelyn
Femininos,Hamishka
Femininos,Hanaíde
Femininos,Hanelly
Femininos,Hanesilda
Femininos,Hannana
Femininos,Hannicy
Femininos,Hanshi
Femininos,Hantinka
Femininos,Hantou
Femininos,Harahma
Femininos,Haraia
Femininos,Haraina
Femininos,Harane
Femininos,Hareece
Femininos,Harenia
Femininos,Haresha
Femininos,Haret
Femininos,Harkiratchan
Femininos,Harlai
Femininos,Harlina
Femininos,Haronia
Femininos,Harsilis
Femininos,Haryahat
Femininos,Hasandy
Femininos,Haskiama
Femininos,Hasminara
Femininos,Hasminat
Femininos,Hassica
Femininos,Hayedlyne
Femininos,Hayelia
Femininos,Hayenice
Femininos,Hayenna
Femininos,Haylena
Femininos,Hayse
Femininos,Hayssangi
Femininos,Hayssia
Femininos,Hazeen
Femininos,Hazelda
Femininos,Hazilda
Femininos,Hazira
Femininos,Hedvigna
Femininos,Hedvigya
Femininos,Heeraselai
Femininos,Heidiana
Femininos,Heilah
Femininos,Heilana
Femininos,Helaiya
Femininos,Heleice
Femininos,Heleidy
Femininos,Helenice
Femininos,Helenti
Femininos,Helentina
Femininos,Heleyca
Femininos,Helikita
Femininos,Helissia
Femininos,Hellaysa
Femininos,Hellow
Femininos,Hellyana
Femininos,Helope
Femininos,Helsenilsa
Femininos,Helssia
Femininos,Heluanna
Femininos,Heluanne
Femininos,Hendcy
Femininos,Henica
Femininos,Henita
Femininos,Hennice
Femininos,Hennie
Femininos,Henriela
Femininos,Henriele
Femininos,Hentina
Femininos,Heslle
Femininos,Hetielle
Femininos,Hetvan
Femininos,Hetvaya
Femininos,Hibada
Femininos,Hibadatou
Femininos,Hijatou
Femininos,Hitanne
Femininos,Hitneyla
Femininos,Hitte
Femininos,Hiyahawwá
Femininos,Hiyanne
Femininos,Hoite
Femininos,Horaine
Femininos,Horyara
Femininos,Hosar
Femininos,Hosara
Femininos,Hossa
Femininos,Houssa
Femininos,Hudato
Femininos,Hudatou
Femininos,Hudatu
Femininos,Huleia
Femininos,Hulemba
Femininos,Huley
Femininos,Hulla
Femininos,Humatou
Femininos,Humatu
Femininos,Hyndice
Femininos,Hyrinara
Femininos,Hélisie
Femininos,Hélissiana
Femininos,Iamatu
Femininos,Ianaela
Femininos,Ianavya
Femininos,Ianelssie
Femininos,Iasmahawa
Femininos,Iasmily
Femininos,Iatoula
Femininos,Iatul
Femininos,Iatully
Femininos,Idato
Femininos,Idjacian
Femininos,Idíaneja
Femininos,Ifeomiya
Femininos,Iferionelia
Femininos,Iferisa
Femininos,Ilanaídea
Femininos,Ilaracha
Femininos,Ilhaalys
Femininos,Ilhene
Femininos,Ilheng
Femininos,Ilhenia
Femininos,Ilheria
Femininos,Ilherita
Femininos,Ilhermin
Femininos,Ilissatá
Femininos,Illynne
Femininos,Illysse
Femininos,Ilomari
Femininos,Ilomi
Femininos,Ilomia
Femininos,Ilomène
Femininos,Ilomé
Femininos,Imatu
Femininos,Imatul
Femininos,Imatulanna
Femininos,Inayane
Femininos,Indhara
Femininos,Ineet
Femininos,Inizia
Femininos,Inniett
Femininos,Innyellena
Femininos,Inésia
Femininos,Inésiane
Femininos,Iolelia
Femininos,Ioluwa
Femininos,Ionatu
Femininos,Ionelin
Femininos,Ionelle
Femininos,Iratcha
Femininos,Ireen
Femininos,Ireica
Femininos,Irel
Femininos,Irelly
Femininos,Irenna
Femininos,Irhadi
Femininos,Irhanes
Femininos,Irinara
Femininos,Irleen
Femininos,Irlena
Femininos,Irleyanne
Femininos,Irleyka
Femininos,Irleyna
Femininos,Iryami
Femininos,Irynara
Femininos,Iryssa
Femininos,Irystança
Femininos,Isabeed
Femininos,Isabeeha
Femininos,Isabeth
Femininos,Isaelliya
Femininos,Isamina
Femininos,Isanda
Femininos,Isandrissa
Femininos,Ishanne
Femininos,Ishassna
Femininos,Ishlee
Femininos,Ishna
Femininos,Isianya
Femininos,Isiya
Femininos,Isiyania
Femininos,Isiyat
Femininos,Islava
Femininos,Islavia
Femininos,Isleen
Femininos,Isleena
Femininos,Islena
Femininos,Ismaris
Femininos,Ismeea
Femininos,Ismeer
Femininos,Ismeet
Femininos,Isom
Femininos,Israagi
Femininos,Israagilma
Femininos,Itzay
Femininos,Itzayanirah
Femininos,Itzaye
Femininos,Itzayla
Femininos,Itzaylla
Femininos,Itzayne
Femininos,Itzayra
Femininos,Itzelmar
Femininos,Ivalda
Femininos,Ivalexia
Femininos,Ivalny
Femininos,Ivanelsa
Femininos,Ivaniette
Femininos,Ivanshi
Femininos,Ivini
Femininos,Ivondee
Femininos,Ivonny
Femininos,Ivoryam
Femininos,Izabeeha
Femininos,Izadou
Femininos,Izanamin
Femininos,Izanda
Femininos,Izaynara
Femininos,Jaciellen
Femininos,Jacilia
Femininos,Jaciliany
Femininos,Jacindy
Femininos,Jacyma
Femininos,Jacymiia
Femininos,Jadaleen
Femininos,Jaddalu
Femininos,Jaddela
Femininos,Jaddha
Femininos,Jaddhi
Femininos,Jadela
Femininos,Jadelma
Femininos,Jadette
Femininos,Jadyanna
Femininos,Jadyna
Femininos,Jadynara
Femininos,Jadysla
Femininos,Jaidiana
Femininos,Jailara
Femininos,Jailarika
Femininos,Jailomiia
Femininos,Jainasta
Femininos,Jainika
Femininos,Jainor
Femininos,Jalandra
Femininos,Jalihamaela
Femininos,Jalvia
Femininos,Jalvini
Femininos,Jamileice
Femininos,Jamilen
Femininos,Jamiraê
Femininos,Janalda
Femininos,Janany
Femininos,Jandiana
Femininos,Jandla
Femininos,Jandry
Femininos,Janelcy
Femininos,Janielaya
Femininos,Janircianaee
Femininos,Janisiya
Femininos,Janisla
Femininos,Janissa
Femininos,Janitance
Femininos,Jaqueban
Femininos,Jaquiatu
Femininos,Jaquiel
Femininos,Jaquine
Femininos,Jaquira
Femininos,Jashak
Femininos,Jashani
Femininos,Jashi
Femininos,Jasiato
Femininos,Jasiyan
Femininos,Jasiyat
Femininos,Jaskiame
Femininos,Jasla
Femininos,Jaslava
Femininos,Jaslawa
Femininos,Jasleida
Femininos,Jasleio
Femininos,Jaslena
Femininos,Jasma
Femininos,Jasmah
Femininos,Jasmaris
Femininos,Jasminara
Femininos,Jasminise
Femininos,Jasmmy
Femininos,Jassah
Femininos,Jayanshine
Femininos,Jaycely
Femininos,Jaychane
Femininos,Jayleena
Femininos,Jazminda
Femininos,Jeanaís
Femininos,Jeanjida
Femininos,Jecka
Femininos,Jeckael
Femininos,Jeckaela
Femininos,Jeises
Femininos,Jeissa
Femininos,Jemilany
Femininos,Jemilliyaa
Femininos,Jemiléna
Femininos,Jemiria
Femininos,Jeninha
Femininos,Jennie
Femininos,Jenyah
Femininos,Jerunah
Femininos,Jerónice
Femininos,Jessah
Femininos,Jessatu
Femininos,Jestefa
Femininos,Jestelia
Femininos,Jestrefa
Femininos,Jeysia
Femininos,Jeysira
Femininos,Jhenda
Femininos,Jhene
Femininos,Jhenne
Femininos,Jhuleia
Femininos,Jhuley
Femininos,Jhuleya
Femininos,Jhulline
Femininos,Jigite
Femininos,Jihah
Femininos,Jilsie
Femininos,Jiyatou
Femininos,Joalena
Femininos,Joaless
Femininos,Joalexa
Femininos,Joalexia
Femininos,Joaley
Femininos,Joanaeem
Femininos,Joanaela
Femininos,Joanassa
Femininos,Joanaya
Femininos,Joanie
Femininos,Joaniel
Femininos,Joannye
Femininos,Joaquely
Femininos,Joceanna
Femininos,Joceannel
Femininos,Jocelle
Femininos,Jodelyza
Femininos,Joderly
Femininos,Jodettra
Femininos,Joelanna
Femininos,Joeliane
Femininos,Joelize
Femininos,Joellah
Femininos,Joelín
Femininos,Joelísia
Femininos,Johaissa
Femininos,Johannayssia
Femininos,Johannie
Femininos,Johantina
Femininos,Johantou
Femininos,Joicia
Femininos,Jomiia
Femininos,Jomilah
Femininos,Jomin
Femininos,Joquebe
Femininos,Joquelle
Femininos,Joquessia
Femininos,Jordaniya
Femininos,Jordaws
Femininos,Josaleen
Femininos,Josanvi
Femininos,Joseammy
Femininos,Joseammyn
Femininos,Joseanore
Femininos,Joselén
Femininos,Josiatu
Femininos,Josinha
Femininos,Josélise
Femininos,Jotila
Femininos,Jotilda
Femininos,Jovanne
Femininos,Joyanie
Femininos,Joyanne
Femininos,Joycia
Femininos,Juanabu
Femininos,Juanie
Femininos,Juanto
Femininos,Juceilly
Femininos,Jucelia
Femininos,Jucema
Femininos,Jucena
Femininos,Judianne
Femininos,Juisabel
Femininos,Juise
Femininos,Juisia
Femininos,Juissa
Femininos,Julaira
Femininos,Julami
Femininos,Julani
Femininos,Julievanne
Femininos,Julindy
Femininos,Juliyya
Femininos,Jullaya
Femininos,Jullissa
Femininos,Jully
Femininos,Jusilda
Femininos,Jusilde
Femininos,Jusili
Femininos,Jusilvani
Femininos,Jussandee
Femininos,Juweji
Femininos,Juweyra
Femininos,Jyseara
Femininos,Jysell
Femininos,Járciane
Femininos,Járcine
Femininos,Jénislene
Femininos,Júlipika
Femininos,Kadiat
Femininos,Kadidian
Femininos,Kadidiany
Femininos,Kadisla
Femininos,Kaelaia
Femininos,Kaelaissa
Femininos,Kailanira
Femininos,Kailara
Femininos,Kailia
Femininos,Kailiz
Femininos,Kailiza
Femininos,Kaillysse
Femininos,Kailomi
Femininos,Kailsia
Femininos,Kaireia
Femininos,Kaiyah
Femininos,Kajanne
Femininos,Kamileya
Femininos,Kaminia
Femininos,Kamiria
Femininos,Kamiyal
Femininos,Kareanna
Femininos,Kareanne
Femininos,Karette
Femininos,Karilie
Femininos,Karitveen
Femininos,Karizea
Femininos,Karminia
Femininos,Karohia
Femininos,Karosara
Femininos,Karose
Femininos,Karys
Femininos,Kashana
Femininos,Kashelly
Femininos,Kashma
Femininos,Kashti
Femininos,Kassah
Femininos,Katacine
Femininos,Katal
Femininos,Katamal
Femininos,Katarsh
Femininos,Katele
Femininos,Katelly
Femininos,Katellya
Femininos,Katerea
Femininos,Katericia
Femininos,Kathai
Femininos,Kathailo
Femininos,Kathal
Femininos,Kathami
Femininos,Kathayla
Femininos,Kathaíz
Femininos,Katheng
Femininos,Kather
Femininos,Kathermy
Femininos,Kathley
Femininos,Kathrisca
Femininos,Kathyana
Femininos,Kathyara
Femininos,Katianne
Femininos,Katiell
Femininos,Katijatou
Femininos,Katilia
Femininos,Katlinda
Femininos,Kausane
Femininos,Kaustani
Femininos,Kausti
Femininos,Kawinga
Femininos,Kayaryam
Femininos,Kayataril
Femininos,Kaylaisy
Femininos,Kaylaria
Femininos,Kayleia
Femininos,Kayleida
Femininos,Kayleide
Femininos,Kayleya
Femininos,Kayliany
Femininos,Kaylietanuel
Femininos,Kaylincy
Femininos,Kaylipa
Femininos,Kaylistia
Femininos,Kaylénia
Femininos,Kaysabelinee
Femininos,Kayshana
Femininos,Kayshka
Femininos,Keikolla
Femininos,Keilara
Femininos,Keimar
Femininos,Keirelys
Femininos,Keisella
Femininos,Keisisa
Femininos,Keisiya
Femininos,Kelenda
Femininos,Kelinciana
Femininos,Kellah
Femininos,Kellina
Femininos,Kelsearah
Femininos,Kelsenda
Femininos,Kendradha
Femininos,Kenerin
Femininos,Kentiaan
Femininos,Kentyna
Femininos,Kenysea
Femininos,Kenzelly
Femininos,Kenzielle
Femininos,Kessandla
Femininos,Kethaya
Femininos,Kethen
Femininos,Kether
Femininos,Kethia
Femininos,Kethiarah
Femininos,Ketlela
Femininos,Ketleyla
Femininos,Keylina
Femininos,Keylipa
Femininos,Kezianna
Femininos,Khadani
Femininos,Khadatu
Femininos,Khadiana
Femininos,Khadidine
Femininos,Khaditi
Femininos,Khadiyanie
Femininos,Khadjatú
Femininos,Khaineire
Femininos,Khair
Femininos,Khaisis
Femininos,Khalaídea
Femininos,Khalena
Femininos,Khaline
Femininos,Khaliyah
Femininos,Kharleyna
Femininos,Kharsir
Femininos,Kharvâra
Femininos,Khat
Femininos,Khati
Femininos,Khayahara
Femininos,Khaye
Femininos,Khayetra
Femininos,Khaylany
Femininos,Khayse
Femininos,Kheriane
Femininos,Kherita
Femininos,Khermena
Femininos,Khermi
Femininos,Kheylisa
Femininos,Khia
Femininos,Khiia
Femininos,Khushal
Femininos,Khushda
Femininos,Khushdany
Femininos,Khushika
Femininos,Khushina
Femininos,Khushka
Femininos,Khusile
Femininos,Khyane
Femininos,Khyannah
Femininos,Khyaraia
Femininos,Kiesena
Femininos,Kiláriya
Femininos,Kimberta
Femininos,Kiraly
Femininos,Kishafa
Femininos,Kishanto
Femininos,Kishwaret
Femininos,Kishyla
Femininos,Kishylde
Femininos,Kissar
Femininos,Kiumaisa
Femininos,Kiumatia
Femininos,Klariam
Femininos,Klaryhel
Femininos,Klaurai
Femininos,Klaurya
Femininos,Kleisi
Femininos,Klemela
Femininos,Klemen
Femininos,Kleria
Femininos,Klerica
Femininos,Klerika
Femininos,Klerina
Femininos,Klerita
Femininos,Kléopolin
Femininos,Komaia
Femininos,Komaya
Femininos,Kriscie
Femininos,Krisele
Femininos,Krisella
Femininos,Krishafa
Femininos,Krisiane
Femininos,Krismee
Femininos,Krisoke
Femininos,Krissanne
Femininos,Kristhia
Femininos,Kritia
Femininos,Kritiara
Femininos,Krusa
Femininos,Krushika
Femininos,Kruta
Femininos,Krysa
Femininos,Kulania
Femininos,Kyanine
Femininos,Kyareet
Femininos,Kyeshta
Femininos,Kygiana
Femininos,Kylieta
Femininos,Kynazira
Femininos,Kyomayarah
Femininos,Kyomin
Femininos,Kyomina
Femininos,Kássiana
Femininos,Kássianab
Femininos,Kássiane
Femininos,Kássyana
Femininos,Kátiane
Femininos,Kátianna
Femininos,Kédianne
Femininos,Kélinalu
Femininos,Kélssara
Femininos,Kélyanka
Femininos,Kérentiny
Femininos,Kérice
Femininos,Késiana
Femininos,Késsiana
Femininos,Kêniana
Femininos,Kêniara
Femininos,Këlyse
Femininos,Lacema
Femininos,Lacemarle
Femininos,Laeta
Femininos,Laeti
Femininos,Laetika
Femininos,Laetin
Femininos,Laetizi
Femininos,Laiaraia
Femininos,Lailinda
Femininos,Lailomène
Femininos,Laimeen
Femininos,Lainacha
Femininos,Lainice
Femininos,Lainor
Femininos,Laisabela
Femininos,Lakilly
Femininos,Lakshmee
Femininos,Laksmine
Femininos,Laminara
Femininos,Lanaïa
Femininos,Lannanda
Femininos,Laraylee
Femininos,Lareet
Femininos,Lareia
Femininos,Lariete
Femininos,Larinca
Femininos,Larincel
Femininos,Laristinky
Femininos,Laritam
Femininos,Laritte
Femininos,Laryem
Femininos,Lasilvia
Femininos,Lasir
Femininos,Lasiya
Femininos,Lathali
Femininos,Lathrynn
Femininos,Latiliny
Femininos,Lauaneima
Femininos,Lauania
Femininos,Laucilie
Femininos,Laucine
Femininos,Laudemi
Femininos,Laudian
Femininos,Laudianna
Femininos,Laudiat
Femininos,Laudin
Femininos,Laudite
Femininos,Laudith
Femininos,Lauditi
Femininos,Laurashek
Femininos,Laureetizian
Femininos,Laurelle
Femininos,Laurentiara
Femininos,Laurezia
Femininos,Lauriya
Femininos,Lauryah
Femininos,Laurélica
Femininos,Lavenya
Femininos,Laveta
Femininos,Laviya
Femininos,Lawailma
Femininos,Layatiane
Femininos,Layatou
Femininos,Laydine
Femininos,Layelindy
Femininos,Layella
Femininos,Layellynn
Femininos,Layeneza
Femininos,Layenni
Femininos,Layetra
Femininos,Layllana
Femininos,Laynabo
Femininos,Laynoa
Femininos,Laysiraida
Femininos,Layslana
Femininos,Laércine
Femininos,Laídea
Femininos,Leanagi
Femininos,Leanice
Femininos,Leanoek
Femininos,Lecticy
Femininos,Leesi
Femininos,Leesilda
Femininos,Leidyne
Femininos,Leini
Femininos,Leiselle
Femininos,Leisse
Femininos,Leksana
Femininos,Leksina
Femininos,Lematu
Femininos,Lemela
Femininos,Lenabel
Femininos,Leneliny
Femininos,Lentiny
Femininos,Lentya
Femininos,Leomiah
Femininos,Leonicol
Femininos,Leonilza
Femininos,Leontanza
Femininos,Lesca
Femininos,Leshant
Femininos,Leska
Femininos,Lessah
Femininos,Letish
Femininos,Letisha
Femininos,Letiti
Femininos,Lette
Femininos,Leyania
Femininos,Leydette
Femininos,Leylainy
Femininos,Leóniana
Femininos,Leópatrine
Femininos,Lianete
Femininos,Lianniela
Femininos,Licyara
Femininos,Lidato
Femininos,Lidiato
Femininos,Lidiatu
Femininos,Lidijato
Femininos,Lidijatu
Femininos,Ligite
Femininos,Lilaris
Femininos,Lilieta
Femininos,Lilindira
Femininos,Lilivya
Femininos,Lilize
Femininos,Lillah
Femininos,Lilloisa
Femininos,Lillyha
Femininos,Lilyara
Femininos,Lioena
Femininos,Lioenna
Femininos,Lioennela
Femininos,Lioenny
Femininos,Lioneyma
Femininos,Liranca
Femininos,Lisabe
Femininos,Lisanis
Femininos,Lisberta
Femininos,Lishu
Femininos,Lissanvi
Femininos,Lissiena
Femininos,Lissina
Femininos,Listine
Femininos,Lisângel
Femininos,Liviena
Femininos,Livienya
Femininos,Livijatou
Femininos,Livini
Femininos,Livonnor
Femininos,Liyaneidy
Femininos,Liyatal
Femininos,Liyato
Femininos,Liyatou
Femininos,Lizari
Femininos,Lizavelisa
Femininos,Lohanzay
Femininos,Loisabe
Femininos,Loisanai
Femininos,Loisela
Femininos,Lolani
Femininos,Lorance
Femininos,Lorbella
Femininos,Lorenair
Femininos,Lorentia
Femininos,Lorentine
Femininos,Lorenzel
Femininos,Lorianela
Femininos,Loriia
Femininos,Loriyat
Femininos,Lorra
Femininos,Lorrah
Femininos,Lorrahi
Femininos,Lorrai
Femininos,Lorraia
Femininos,Lorrança
Femininos,Lorrelle
Femininos,Louannela
Femininos,Loucine
Femininos,Loucivana
Femininos,Louisiana
Femininos,Louisney
Femininos,Louissanvika
Femininos,Lounika
Femininos,Lourenata
Femininos,Lourha
Femininos,Luanalyn
Femininos,Luanasta
Femininos,Luanasvi
Femininos,Luanatou
Femininos,Luanaïa
Femininos,Luaneliny
Femininos,Luannabú
Femininos,Luciannah
Femininos,Lucielly
Femininos,Lucielya
Femininos,Lucienni
Femininos,Lucymiia
Femininos,Ludini
Femininos,Ludinor
Femininos,Ludmilis
Femininos,Ludmilly
Femininos,Ludya
Femininos,Luenair
Femininos,Luiato
Femininos,Luinta
Femininos,Luinthia
Femininos,Luisneza
Femininos,Luizayra
Femininos,Lukail
Femininos,Lukaila
Femininos,Lukeyla
Femininos,Lukeylla
Femininos,Lukeynara
Femininos,Lukeyne
Femininos,Lumeiya
Femininos,Lumineer
Femininos,Lunahlia
Femininos,Lunaissa
Femininos,Lunaiza
Femininos,Lunicolly
Femininos,Lunike
Femininos,Lunilda
Femininos,Lunilsia
Femininos,Lunnie
Femininos,Lurdett
Femininos,Lurid
Femininos,Luriela
Femininos,Lurina
Femininos,Lurinha
Femininos,Luweyra
Femininos,Luyanira
Femininos,Lwejíyan
Femininos,Lwendcy
Femininos,Lwenne
Femininos,Lwezabe
Femininos,Lyannael
Femininos,Lyaril
Femininos,Lynabú
Femininos,Lysela
Femininos,Lyshka
Femininos,Lyviane
Femininos,Léanassmaa
Femininos,Léanaïa
Femininos,Léaneima
Femininos,Léonelina
Femininos,Léonikol
Femininos,Léonily
Femininos,Léonoémi
Femininos,Léopoliv
Femininos,Léticien
Femininos,Lígianni
Femininos,Lívianela
Femininos,Líziah
Femininos,Maahara
Femininos,Maaharya
Femininos,Maahisa
Femininos,Maanie
Femininos,Maanien
Femininos,Maanis
Femininos,Maanisis
Femininos,Maanny
Femininos,Mabeeda
Femininos,Mabeedadineu
Femininos,Mabelén
Femininos,Mabethena
Femininos,Mabetânia
Femininos,Madagilma
Femininos,Madala
Femininos,Madalba
Femininos,Madalber
Femininos,Madankal
Femininos,Madassia
Femininos,Madat
Femininos,Maddhitta
Femininos,Maddish
Femininos,Maddisha
Femininos,Madelika
Femininos,Madelisa
Femininos,Madette
Femininos,Madidija
Femininos,Madora
Femininos,Madouãa
Femininos,Maella
Femininos,Maellia
Femininos,Mafaely
Femininos,Magalihah
Femininos,Magas
Femininos,Magguida
Femininos,Magnianey
Femininos,Maguerie
Femininos,Magueta
Femininos,Maguiya
Femininos,Mahawaya
Femininos,Mahdiana
Femininos,Mahdianne
Femininos,Mahdiany
Femininos,Mahirat
Femininos,Mahissa
Femininos,Maianam
Femininos,Maianely
Femininos,Maidali
Femininos,Mailmara
Femininos,Maimarie
Femininos,Maisisa
Femininos,Maissia
Femininos,Maitaj
Femininos,Maitliny
Femininos,Maitlyna
Femininos,Makaylee
Femininos,Makaylen
Femininos,Makayne
Femininos,Malaiane
Femininos,Malane
Femininos,Malanne
Femininos,Malaviyana
Femininos,Malazia
Femininos,Malaís
Femininos,Malaïlany
Femininos,Maliete
Femininos,Malimpia
Femininos,Malinia
Femininos,Malisbah
Femininos,Malupe
Femininos,Malúcia
Femininos,Mamadda
Femininos,Mamaelle
Femininos,Mamaelyne
Femininos,Mamanka
Femininos,Mamanne
Femininos,Mamarina
Femininos,Mamario
Femininos,Mamarlin
Femininos,Mamarloti
Femininos,Mamery
Femininos,Manka
Femininos,Manoelmy
Femininos,Manora
Femininos,Manorai
Femininos,Mantelle
Femininos,Mantone
Femininos,Mantou
Femininos,Manuelis
Femininos,Manusar
Femininos,Manusara
Femininos,Mapriya
Femininos,Mapriyal
Femininos,Maracy
Femininos,Marainy
Femininos,Maranca
Femininos,Marance
Femininos,Marania
Femininos,Maranzayna
Femininos,Maratjot
Femininos,Marayane
Femininos,Marayanna
Femininos,Maraysa
Femininos,Marcinda
Femininos,Marcintal
Femininos,Margara
Femininos,Margaril
Femininos,Marguellin
Femininos,Margueta
Femininos,Mariatou
Femininos,Maridce
Femininos,Mariellah
Femininos,Marimeea
Femininos,Marincy
Femininos,Marinni
Femininos,Marionel
Femininos,Mariscia
Femininos,Marishu
Femininos,Marishun
Femininos,Maristal
Femininos,Maristin
Femininos,Marlany
Femininos,Marleena
Femininos,Marleeza
Femininos,Marlenora
Femininos,Marleti
Femininos,Marlicia
Femininos,Marloti
Femininos,Marlotte
Femininos,Maronia
Femininos,Maronily
Femininos,Martinky
Femininos,Marunaisha
Femininos,Maruwwi
Femininos,Maryance
Femininos,Maryssah
Femininos,Marysta
Femininos,Matal
Femininos,Mataniyah
Femininos,Matasia
Femininos,Mathaíza
Femininos,Mathiara
Femininos,Mathryne
Femininos,Matul
Femininos,Matula
Femininos,Matumatu
Femininos,Mauarda
Femininos,Maurella
Femininos,Maureza
Femininos,Mauryan
Femininos,Mayatou
Femininos,Mayleia
Femininos,Maylina
Femininos,Mayseara
Femininos,Mayshka
Femininos,Mayssia
Femininos,Mayzain
Femininos,Mazelma
Femininos,Maëlisbah
Femininos,Maïarahma
Femininos,Megalika
Femininos,Megaline
Femininos,Meganne
Femininos,Mehajar
Femininos,Mehek
Femininos,Mehekina
Femininos,Mehjab
Femininos,Mehjabe
Femininos,Mehjabete
Femininos,Melaila
Femininos,Melimaahira
Femininos,Meliniah
Femininos,Melinjida
Femininos,Melioney
Femininos,Melison
Femininos,Melizea
Femininos,Mellah
Femininos,Mellanna
Femininos,Mellene
Femininos,Mellent
Femininos,Mellyana
Femininos,Meloisah
Femininos,Melyn
Femininos,Melynn
Femininos,Melyzaida
Femininos,Meraliman
Femininos,Merasla
Femininos,Merat
Femininos,Meriella
Femininos,Meriellyn
Femininos,Merinci
Femininos,Merindy
Femininos,Merineet
Femininos,Merini
Femininos,Meryella
Femininos,Meryely
Femininos,Merysabaahis
Femininos,Merysola
Femininos,Meydette
Femininos,Meyrina
Femininos,Meyriya
Femininos,Micarione
Femininos,Michana
Femininos,Michara
Femininos,Michena
Femininos,Micheok
Femininos,Mickelsea
Femininos,Miguedna
Femininos,Miguett
Femininos,Miguiyah
Femininos,Milanancy
Femininos,Milis
Femininos,Miluz
Femininos,Milyarah
Femininos,Milénix
Femininos,Minabih
Femininos,Mingater
Femininos,Mirachi
Femininos,Miradija
Femininos,Miraina
Femininos,Miraliya
Femininos,Miralyara
Femininos,Miratu
Femininos,Mireen
Femininos,Mireet
Femininos,Mirine
Femininos,Miristia
Femininos,Mirnaja
Femininos,Mirnara
Femininos,Mirosar
Femininos,Miryanka
Femininos,Miryne
Femininos,Mirys
Femininos,Mirysola
Femininos,Miryssa
Femininos,Mishaye
Femininos,Mishware
Femininos,Mistia
Femininos,Mistina
Femininos,Mistinha
Femininos,Mistiny
Femininos,Moaniia
Femininos,Moanne
Femininos,Momiya
Femininos,Momtah
Femininos,Momtahmalaye
Femininos,Monalin
Femininos,Monelly
Femininos,Monielle
Femininos,Monikol
Femininos,Monilma
Femininos,Moraisy
Femininos,Mufarhaíz
Femininos,Mufarraine
Femininos,Muriamy
Femininos,Mutia
Femininos,Mutiaan
Femininos,Mutika
Femininos,Myleen
Femininos,Mymou
Femininos,Mymounaine
Femininos,Myres
Femininos,Myresis
Femininos,Myrinardana
Femininos,Myristia
Femininos,Máguelle
Femininos,Máguila
Femininos,Máguina
Femininos,Máriyali
Femininos,Méla-Lucia
Femininos,Mélope
Femininos,Mónimira
Femininos,N'deyssia
Femininos,N'zay
Femininos,Naarinca
Femininos,Naaris
Femininos,Naaroana
Femininos,Naayana
Femininos,Naayane
Femininos,Naayu
Femininos,Naayumi
Femininos,Nadat
Femininos,Nadidia
Femininos,Nadiyat
Femininos,Nadjaya
Femininos,Nadysla
Femininos,Naeemanke
Femininos,Nagidatu
Femininos,Nagilsa
Femininos,Nagorena
Femininos,Naharmo
Femininos,Naharseer
Femininos,Nahele
Femininos,Naiannata
Femininos,Nairace
Femininos,Naireya
Femininos,Nairosa
Femininos,Najbira
Femininos,Najulie
Femininos,Nalazia
Femininos,Nalaís
Femininos,Nalianna
Femininos,Nalic
Femininos,Naliete
Femininos,Nalupe
Femininos,Nancelly
Femininos,Naomiah
Femininos,Naomilly
Femininos,Naomily
Femininos,Naraya
Femininos,Nassuntone
Femininos,Nastachne
Femininos,Nastal
Femininos,Nataleen
Femininos,Natalesse
Femininos,Natalyiah
Femininos,Natalyne
Femininos,Natamora
Femininos,Natanon
Femininos,Natarshi
Femininos,Natchele
Femininos,Natelaima
Femininos,Natele
Femininos,Nately
Femininos,Nathel
Femininos,Nathia
Femininos,Nato
Femininos,Natoula
Femininos,Natpree
Femininos,Natpreen
Femininos,Natpreet
Femininos,Natshane
Femininos,Naviana
Femininos,Navivia
Femininos,Nawanda
Femininos,Nayanabú
Femininos,Nayaryna
Femininos,Nayatty
Femininos,Nayelea
Femininos,Naylina
Femininos,Naylisa
Femininos,Nayssata
Femininos,Naysse
Femininos,Nazielly
Femininos,Nazilde
Femininos,Nazinha
Femininos,Naziria
Femininos,Naïssana
Femininos,Ndeliza
Femininos,Nderia
Femininos,Nderina
Femininos,Nderlany
Femininos,Neetie
Femininos,Neidianna
Femininos,Neidiatou
Femininos,Neidyne
Femininos,Neimali
Femininos,Neimandy
Femininos,Neimiren
Femininos,Neimish
Femininos,Neiralya
Femininos,Neisela
Femininos,Neiselen
Femininos,Neisiya
Femininos,Nelaissy
Femininos,Nelane
Femininos,Nelieva
Femininos,Nelistia
Femininos,Nelliara
Femininos,Neloani
Femininos,Nelope
Femininos,Nelssia
Femininos,Nelynn
Femininos,Nelynne
Femininos,Nenedika
Femininos,Nenésiane
Femininos,Neomaya
Femininos,Neomine
Femininos,Neomneya
Femininos,Nereagas
Femininos,Nerezaya
Femininos,Nerine
Femininos,Neriti
Femininos,Nerpree
Femininos,Nerpreet
Femininos,Nervane
Femininos,Nerys
Femininos,Nesis
Femininos,Nessah
Femininos,Nessanne
Femininos,Nessila
Femininos,Nessima
Femininos,Neuradha
Femininos,Neuran
Femininos,Neusana
Femininos,Neusarol
Femininos,Nevelie
Femininos,Nevelys
Femininos,Neymariti
Femininos,Ngelisa
Femininos,Nghoi
Femininos,Nhalda
Femininos,Nhalitaj
Femininos,Nhimatu
Femininos,Nicaelly
Femininos,Nicaeti
Femininos,Nicarlen
Femininos,Nidhara
Femininos,Nidhiya
Femininos,Nidhiyah
Femininos,Nidiato
Femininos,Nihaelana
Femininos,Nihany
Femininos,Niharena
Femininos,Nikaëlie
Femininos,Nikiam
Femininos,Nikshi
Femininos,Nimanor
Femininos,Nimaurena
Femininos,Nimile
Femininos,Nimilia
Femininos,Nimilina
Femininos,Nimilla
Femininos,Nimily
Femininos,Nimilénia
Femininos,Nimirace
Femininos,Nimiran
Femininos,Niraine
Femininos,Niratchi
Femininos,Nirciane
Femininos,Nirilah
Femininos,Nirista
Femininos,Nitsha
Femininos,Niyahar
Femininos,Niyanshi
Femininos,Niyatou
Femininos,Niévella
Femininos,Njida
Femininos,Njingatali
Femininos,Nkulana
Femininos,Noecrica
Femininos,Noelays
Femininos,Noelmirose
Femininos,Noemilah
Femininos,Noemiriã
Femininos,Nolania
Femininos,Nolanne
Femininos,Nolaysie
Femininos,Nomusana
Femininos,Noraida
Femininos,Noraine
Femininos,Nourea
Femininos,Noureet
Femininos,Noureza
Femininos,Nourha
Femininos,Nourhaísa
Femininos,Nourora
Femininos,Nouroram
Femininos,Noéalfatu
Femininos,Noéliana
Femininos,Noémilia
Femininos,Noémily
Femininos,Nubintya
Femininos,Nuree
Femininos,Nuren
Femininos,Nuriany
Femininos,Nuride
Femininos,Nusaisha
Femininos,Nushi
Femininos,Nushika
Femininos,Nushira
Femininos,Nuélinda
Femininos,Nyhamilia
Femininos,Nyhandra
Femininos,Nysabela
Femininos,Nysele
Femininos,Nélinne
Femininos,Nélsiea
Femininos,Néviana
Femininos,Níciany
Femininos,Nícianyu
Femininos,Núrianírissa
Femininos,Núryanair
Femininos,Oceandra
Femininos,Oceannaela
Femininos,Ocelene
Femininos,Ocelle
Femininos,Ocelma
Femininos,Ocia
Femininos,Ocious
Femininos,Ocioussa
Femininos,Océannah
Femininos,Océanoek
Femininos,Odela
Femininos,Odelie
Femininos,Odelindy
Femininos,Oderidhi
Femininos,Oderiola
Femininos,Oderlyn
Femininos,Odersava
Femininos,Oderys
Femininos,Ofélini
Femininos,Ohaili
Femininos,Ohanien
Femininos,Oksanaíce
Femininos,Oksandi
Femininos,Oksandla
Femininos,Oksandra
Femininos,Oksanje
Femininos,Oksanto
Femininos,Olete
Femininos,Olima
Femininos,Olimas
Femininos,Olindice
Femininos,Olineet
Femininos,Olinie
Femininos,Olinisa
Femininos,Olinn
Femininos,Olivy
Femininos,Omalixya
Femininos,Omarysa
Femininos,Omasaswi
Femininos,Omyanka
Femininos,Onardes
Femininos,Onate
Femininos,Oraiman
Femininos,Oriia
Femininos,Orinha
Femininos,Oriyatou
Femininos,Orla
Femininos,Orlaiba
Femininos,Orlaniane
Femininos,Orlannah
Femininos,Orlanne
Femininos,Orlayna
Femininos,Orrah
Femininos,Orrella
Femininos,Orrellene
Femininos,Oryah
Femininos,Oryanny
Femininos,Osia
Femininos,Osianabú
Femininos,Ostalle
Femininos,Ostanza
Femininos,Ostasha
Femininos,Otcha
Femininos,Otchaellyn
Femininos,Otchia
Femininos,Otchin
Femininos,Otelena
Femininos,Otelle
Femininos,Otelline
Femininos,Otelmira
Femininos,Otelmusa
Femininos,Otelmy
Femininos,Otyley
Femininos,Otyline
Femininos,Otíliana
Femininos,Otíliane
Femininos,Oumatha
Femininos,Oumayia
Femininos,Oumouna
Femininos,Paliara
Femininos,Palle
Femininos,Pallia
Femininos,Palmarise
Femininos,Palmiryanny
Femininos,Palomen
Femininos,Palomenabou
Femininos,Palomiah
Femininos,Palomiia
Femininos,Palomiya
Femininos,Palomásia
Femininos,Palomène
Femininos,Pamelisa
Femininos,Pamelize
Femininos,Paolane
Femininos,Paolania
Femininos,Paolany
Femininos,Paollyna
Femininos,Paollynne
Femininos,Papolly
Femininos,Parban
Femininos,Parbhley
Femininos,Parbhleyla
Femininos,Parbina
Femininos,Parbinta
Femininos,Pariell
Femininos,Parighit
Femininos,Parinda
Femininos,Parinne
Femininos,Paritney
Femininos,Paritte
Femininos,Parlynda
Femininos,Parneela
Femininos,Patracy
Femininos,Patrine
Femininos,Patrize
Femininos,Paulie
Femininos,Peculie
Femininos,Peculine
Femininos,Pedriadna
Femininos,Pedriane
Femininos,Pedriela
Femininos,Penda
Femininos,Pendcy
Femininos,Pendya
Femininos,Penéliam
Femininos,Penés
Femininos,Penézer
Femininos,Perasecka
Femininos,Perasha
Femininos,Perat
Femininos,Perley
Femininos,Petrice
Femininos,Petrindy
Femininos,Petrizia
Femininos,Pette
Femininos,Peytonie
Femininos,Phie
Femininos,Phienyah
Femininos,Pieda
Femininos,Piedah
Femininos,Pietana
Femininos,Piete
Femininos,Piette
Femininos,Pinin
Femininos,Pinisan
Femininos,Pinise
Femininos,Pinishakia
Femininos,Pollena
Femininos,Praba
Femininos,Prabaana
Femininos,Prabata
Femininos,Prabi
Femininos,Prabima
Femininos,Pracey
Femininos,Prachany
Femininos,Pracina
Femininos,Prane
Femininos,Pranpreen
Femininos,Pranshika
Femininos,Praphana
Femininos,Praphany
Femininos,Precila
Femininos,Preema
Femininos,Preevana
Femininos,Priluz
Femininos,Prinara
Femininos,Prinia
Femininos,Prisabel
Femininos,Pristiny
Femininos,Pritian
Femininos,Pritta
Femininos,Pritxelle
Femininos,Priyatalie
Femininos,Prua
Femininos,Pruamari
Femininos,Pureen
Femininos,Pureena
Femininos,Pureer
Femininos,Puren
Femininos,Purenifer
Femininos,Pyetana
Femininos,Pyetanza
Femininos,Pâmelika
Femininos,Pâmelys
Femininos,Péran
Femininos,Pérancia
Femininos,Pérolin
Femininos,Qianael
Femininos,Qianair
Femininos,Qianavia
Femininos,Qianel
Femininos,Qianelsy
Femininos,Qriscia
Femininos,Qriscilia
Femininos,Qrise
Femininos,Qrissya
Femininos,Queban
Femininos,Quebanie
Femininos,Quelyn
Femininos,Quess
Femininos,Quessy
Femininos,Quessyca
Femininos,Queta
Femininos,Quianny
Femininos,Quiela
Femininos,Quiell
Femininos,Quilhaam
Femininos,Quilhen
Femininos,Quinta
Femininos,Quirat
Femininos,Quiriadne
Femininos,Quiriadnne
Femininos,Quiriamy
Femininos,Quéline
Femininos,Quélini
Femininos,Quérendy
Femininos,Raagi
Femininos,Raagida
Femininos,Rabiela
Femininos,Rabigaila
Femininos,Rablee
Femininos,Rablena
Femininos,Rabrie
Femininos,Rabrilda
Femininos,Rabriza
Femininos,Rabrígida
Femininos,Raciena
Femininos,Radanaylla
Femininos,Radatou
Femininos,Raddha
Femininos,Radha
Femininos,Radidivie
Femininos,Rafaati
Femininos,Rafaizia
Femininos,Rahmana
Femininos,Rahmanto
Femininos,Raiah
Femininos,Raidaler
Femininos,Raimeer
Femininos,Raimeet
Femininos,Ralindi
Femininos,Ramarita
Femininos,Ramaryna
Femininos,Rance
Femininos,Ranchayra
Femininos,Ranciana
Femininos,Randyana
Femininos,Ranshina
Femininos,Raphani
Femininos,Raphanna
Femininos,Raphanza
Femininos,Raphia
Femininos,Raquelly
Femininos,Raquess
Femininos,Raquia
Femininos,Raquim
Femininos,Raquina
Femininos,Raquine
Femininos,Raquinta
Femininos,Raquira
Femininos,Rauani
Femininos,Raulayna
Femininos,Raulia
Femininos,Raulie
Femininos,Raveta
Femininos,Ravete
Femininos,Raveya
Femininos,Rayanaha
Femininos,Rayanxi
Femininos,Raycel
Femininos,Rayessima
Femininos,Rayetra
Femininos,Rayhara
Femininos,Raylaina
Femininos,Raylieta
Femininos,Raymarcedes
Femininos,Raymila
Femininos,Rayunia
Femininos,Rayusanne
Femininos,Razie
Femininos,Reagana
Femininos,Rebedes
Femininos,Reedha
Femininos,Reen
Femininos,Reenaia
Femininos,Reevana
Femininos,Renailah
Femininos,Rhada
Femininos,Rhayed
Femininos,Rhaylinn
Femininos,Rhayne
Femininos,Rhaíz
Femininos,Rhaíze
Femininos,Rhia
Femininos,Ricianna
Femininos,Riclar
Femininos,Riclarina
Femininos,Ridakota
Femininos,Ridce
Femininos,Rihael
Femininos,Rihamie
Femininos,Rijah
Femininos,Rijulie
Femininos,Rimarciara
Femininos,Rime
Femininos,Rimeen
Femininos,Rimeet
Femininos,Rionelia
Femininos,Ritança
Femininos,Ritneya
Femininos,Ritte
Femininos,Ritxelly
Femininos,Rivanie
Femininos,Rivansi
Femininos,Romarah
Femininos,Romily
Femininos,Romyanny
Femininos,Ronice
Femininos,Ronor
Femininos,Rosalical
Femininos,Rosalissa
Femininos,Rosall
Femininos,Rosalli
Femininos,Rosanes
Femininos,Rosanish
Femininos,Roseammy
Femininos,Rosefin
Femininos,Roselana
Femininos,Rosinara
Femininos,Rosinho
Femininos,Roslava
Femininos,Roslawa
Femininos,Rosleen
Femininos,Rosleiza
Femininos,Rosárione
Femininos,Rougui
Femininos,Rouguina
Femininos,Rouguiya
Femininos,Rougusta
Femininos,Rougustasire
Femininos,Roxande
Femininos,Rozia
Femininos,Ruamara
Femininos,Rubintra
Femininos,Rubyanne
Femininos,Ruelina
Femininos,Ruelle
Femininos,Ruellene
Femininos,Ruelly
Femininos,Ruelynne
Femininos,Rugaiane
Femininos,Rugaite
Femininos,Ruhiyahvi
Femininos,Rukail
Femininos,Rukaitança
Femininos,Rumatu
Femininos,Rumay
Femininos,Runilma
Femininos,Rusaibah
Femininos,Rusain
Femininos,Rushika
Femininos,Rushmi
Femininos,Rushres
Femininos,Rushresa
Femininos,Rushris
Femininos,Rutiany
Femininos,Rutianya
Femininos,Ryharlota
Femininos,Rúbiany
Femininos,Saalica
Femininos,Saalyn
Femininos,Saalyta
Femininos,Sabellen
Femininos,Sabelma
Femininos,Sabrayna
Femininos,Sachana
Femininos,Sachelda
Femininos,Sadaleya
Femininos,Sadatou
Femininos,Sadela
Femininos,Sadetta
Femininos,Sadoriah
Femininos,Safaita
Femininos,Safiyana
Femininos,Sagaline
Femininos,Sagath
Femininos,Sahareet
Femininos,Saharneen
Femininos,Sahinin
Femininos,Sahissa
Femininos,Saleice
Femininos,Saleritta
Femininos,Salieta
Femininos,Salisi
Femininos,Salith
Femininos,Saliyane
Femininos,Saliyatia
Femininos,Salize
Femininos,Sallen
Femininos,Sallia
Femininos,Salomillyn
Femininos,Salomine
Femininos,Salomène
Femininos,Saltia
Femininos,Saltiane
Femininos,Saltina
Femininos,Samaelly
Femininos,Samailia
Femininos,Samanok
Femininos,Samariany
Femininos,Samarika
Femininos,Samarilu
Femininos,Samarin
Femininos,Samariti
Femininos,Samariya
Femininos,Samatou
Femininos,Samilar
Femininos,Samiliam
Femininos,Samine
Femininos,Samrith
Femininos,Sanabou
Femininos,Sanaide
Femininos,Sanairat
Femininos,Sandelic
Femininos,Sandeye
Femininos,Sandree
Femininos,Sandryelyn
Femininos,Sanshi
Femininos,Saouda
Femininos,Saoudat
Femininos,Saphanna
Femininos,Saraycee
Femininos,Saritta
Femininos,Saswi
Femininos,Saviane
Femininos,Savini
Femininos,Scaris
Femininos,Schika
Femininos,Schmanur
Femininos,Seanda
Femininos,Seerany
Femininos,Seeranza
Femininos,Sehajar
Femininos,Sehajara
Femininos,Sehakia
Femininos,Seharvi
Femininos,Seimaria
Femininos,Selaniyah
Femininos,Sele
Femininos,Seleah
Femininos,Selenabou
Femininos,Selet
Femininos,Selissia
Femininos,Seléo
Femininos,Senicki
Femininos,Senisha
Femininos,Seonnora
Femininos,Sephanveer
Femininos,Sereet
Femininos,Seres
Femininos,Serezayra
Femininos,Serezia
Femininos,Serezinho
Femininos,Sesiana
Femininos,Sesida
Femininos,Sesis
Femininos,Shaadiam
Femininos,Shaadina
Femininos,Shaali
Femininos,Shabita
Femininos,Shakissa
Femininos,Shaness
Femininos,Shanilma
Femininos,Shannaela
Femininos,Shanveeratjo
Femininos,Shaque
Femininos,Shaquessa
Femininos,Shaquim
Femininos,Sharya
Femininos,Shayed
Femininos,Shaymê
Femininos,Sheide
Femininos,Sheinalu
Femininos,Shek
Femininos,Shell
Femininos,Shelsia
Femininos,Sheluíza
Femininos,Shelyn
Femininos,Shereet
Femininos,Sheriti
Femininos,Shermin
Femininos,Sherulza
Femininos,Shikaëla
Femininos,Shinise
Femininos,Shita
Femininos,Shitaj
Femininos,Shivanna
Femininos,Shraa
Femininos,Shraddy
Femininos,Shreet
Femininos,Shridce
Femininos,Shrio
Femininos,Shrion
Femininos,Shrisoke
Femininos,Shyanni
Femininos,Shyanxi
Femininos,Shylde
Femininos,Siatulane
Femininos,Sibianny
Femininos,Sidalen
Femininos,Sidani
Femininos,Sidhana
Femininos,Sidhara
Femininos,Sidéria
Femininos,Sierraiah
Femininos,Sildara
Femininos,Silekbir
Femininos,Silentina
Femininos,Silita
Femininos,Silivondeye
Femininos,Silvanne
Femininos,Silvinisha
Femininos,Simaeva
Femininos,Simarle
Femininos,Similena
Femininos,Similla
Femininos,Similly
Femininos,Simonika
Femininos,Simonroe
Femininos,Simrança
Femininos,Simrinda
Femininos,Simrit
Femininos,Simrita
Femininos,Sinha
Femininos,Sintong
Femininos,Sioma
Femininos,Siomais
Femininos,Sioman
Femininos,Skyessa
Femininos,Skylina
Femininos,Skylis
Femininos,Slavete
Femininos,Smaella
Femininos,Sminabú
Femininos,Sminda
Femininos,Sney
Femininos,Sneza
Femininos,Snigdhi
Femininos,Snigna
Femininos,Soainhoa
Femininos,Soainoah
Femininos,Sofiatou
Femininos,Sofiiara
Femininos,Sohail
Femininos,Sohianna
Femininos,Solandra
Femininos,Solannel
Femininos,Solayne
Femininos,Solays
Femininos,Solenelmuska
Femininos,Solet
Femininos,Soletha
Femininos,Soleti
Femininos,Solinaha
Femininos,Solinhoa
Femininos,Soliwiam
Femininos,Solomen
Femininos,Solomáziane
Femininos,Solomène
Femininos,Solorrel
Femininos,Sonicy
Femininos,Sonikole
Femininos,Sophilda
Femininos,Sophirat
Femininos,Soraibah
Femininos,Soraman
Femininos,Soshi
Femininos,Soshna
Femininos,Soshnavya
Femininos,Soshta
Femininos,Soshti
Femininos,Staliny
Femininos,Stallah
Femininos,Stalle
Femininos,Stalleyka
Femininos,Stalya
Femininos,Stalyz
Femininos,Stancia
Femininos,Stani
Femininos,Stanity
Femininos,Stannelcy
Femininos,Stanoecrisso
Femininos,Stasian
Femininos,Steffanie
Femininos,Stelaysha
Femininos,Steline
Femininos,Stellene
Femininos,Stellie
Femininos,Stellina
Femininos,Stelys
Femininos,Stephory
Femininos,Sterea
Femininos,Sterianny
Femininos,Sterie
Femininos,Sterina
Femininos,Stéphael
Femininos,Stéphanti
Femininos,Suaina
Femininos,Suaine
Femininos,Suainice
Femininos,Suainike
Femininos,Suelana
Femininos,Suelany
Femininos,Sueliana
Femininos,Sueliny
Femininos,Suellia
Femininos,Suhaney
Femininos,Sulany
Femininos,Sulayr
Femininos,Sumaiany
Femininos,Sumaithya
Femininos,Sumaitê
Femininos,Sument
Femininos,Sumenti
Femininos,Sumentina
Femininos,Summa
Femininos,Summan
Femininos,Suntong
Femininos,Surada
Femininos,Sureet
Femininos,Surenaina
Femininos,Surinda
Femininos,Surinisla
Femininos,Suryamira
Femininos,Susanvi
Femininos,Suviges
Femininos,Suzandra
Femininos,Suzielainy
Femininos,Suéliam
Femininos,Suéline
Femininos,Swazianna
Femininos,Swazie
Femininos,Swazinn
Femininos,Swazira
Femininos,Syanny
Femininos,Sylviena
Femininos,Sylvina
Femininos,Syriah
Femininos,Syriany
Femininos,Syrisha
Femininos,Sádiat
Femininos,Sáliara
Femininos,Sérése
Femininos,Síliany
Femininos,Síliara
Femininos,Sónice
Femininos,Sónicol
Femininos,Sónikita
Femininos,Súriana
Femininos,Súriatou
Femininos,Tabaana
Femininos,Tabatali
Femininos,Tabatalyz
Femininos,Tabigaia
Femininos,Tabimar
Femininos,Taciene
Femininos,Tacymiia
Femininos,Tahanvi
Femininos,Taharsh
Femininos,Taiancy
Femininos,Taineusa
Femininos,Taisatu
Femininos,Taishani
Femininos,Taishka
Femininos,Taishti
Femininos,Taissanna
Femininos,Taleen
Femininos,Talimae
Femininos,Talle
Femininos,Tallene
Femininos,Tamalu
Femininos,Tamargun
Femininos,Tamarima
Femininos,Tamatou
Femininos,Tamatu
Femininos,Tamoraina
Femininos,Tamorgeta
Femininos,Tamáliana
Femininos,Tamárcia
Femininos,Tanah
Femininos,Tanaira
Femininos,Tanajar
Femininos,Tanajé
Femininos,Tanicca
Femininos,Tanorenatá
Femininos,Tantina
Femininos,Tanuelle
Femininos,Tanushi
Femininos,Taritaj
Femininos,Tashmi
Femininos,Tasiyah
Femininos,Tath
Femininos,Tathalys
Femininos,Tathia
Femininos,Tatijah
Femininos,Tatilina
Femininos,Tatime
Femininos,Tawinn
Femininos,Tawinne
Femininos,Tayah
Femininos,Tayarie
Femininos,Taylle
Femininos,Tayléni
Femininos,Taynabel
Femininos,Tayse
Femininos,Tayssana
Femininos,Tcha
Femininos,Tchani
Femininos,Tchanin
Femininos,Tchanvi
Femininos,Tejanda
Femininos,Tejane
Femininos,Tellynn
Femininos,Tequebe
Femininos,Tequella
Femininos,Tequia
Femininos,Tequiely
Femininos,Tequina
Femininos,Tequiria
Femininos,Tereane
Femininos,Tereet
Femininos,Terene
Femininos,Teriam
Femininos,Terianna
Femininos,Terice
Femininos,Terina
Femininos,Terinda
Femininos,Terine
Femininos,Teris
Femininos,Terise
Femininos,Teriwatou
Femininos,Tesline
Femininos,Teslle
Femininos,Tesllen
Femininos,Teslsy
Femininos,Teslyn
Femininos,Teyanael
Femininos,Teysian
Femininos,Thailana
Femininos,Thaisis
Femininos,Thalayna
Femininos,Thalena
Femininos,Thalentya
Femininos,Thaliana
Femininos,Thalikita
Femininos,Thally
Femininos,Thama
Femininos,Thamdeep
Femininos,Thame
Femininos,Thamerin
Femininos,Thamy
Femininos,Thanika
Femininos,Tharol
Femininos,Thayah
Femininos,Thaylén
Femininos,Thaíssaharbh
Femininos,Thaíze
Femininos,Thicia
Femininos,Thifa
Femininos,Thycia
Femininos,Thyia
Femininos,Thyiah
Femininos,Thylais
Femininos,Thylde
Femininos,Théfane
Femininos,Théfania
Femininos,Tiaanin
Femininos,Tiananca
Femininos,Tiangel
Femininos,Ticilla
Femininos,Ticima
Femininos,Ticy
Femininos,Ticya
Femininos,Tidatou
Femininos,Tifah
Femininos,Tifahina
Femininos,Tigueda
Femininos,Tiguely
Femininos,Tigui
Femininos,Tildary
Femininos,Timanke
Femininos,Timata
Femininos,Timathris
Femininos,Tinarah
Femininos,Tiphaela
Femininos,Tiphanna
Femininos,Tishana
Femininos,Tissato
Femininos,Titanvi
Femininos,Tiwani
Femininos,Tiwanira
Femininos,Tiwany
Femininos,Tiwatou
Femininos,Tomaima
Femininos,Tomarilza
Femininos,Tomomine
Femininos,Tomomtah
Femininos,Tomomtahi
Femininos,Trefany
Femininos,Trel
Femininos,Trelle
Femininos,Trice
Femininos,Tricia
Femininos,Tridhi
Femininos,Trincesca
Femininos,Trine
Femininos,Trinor
Femininos,Trishleen
Femininos,Trize
Femininos,Tshafsa
Femininos,Tshalany
Femininos,Tshany
Femininos,Tshayana
Femininos,Tshaye
Femininos,Tsheida
Femininos,Tshina
Femininos,Tuanayra
Femininos,Tuanise
Femininos,Tvanissa
Femininos,Tvayana
Femininos,Tvishane
Femininos,Tvishaís
Femininos,Tvishun
Femininos,Twinna
Femininos,Twinne
Femininos,Twinni
Femininos,Twinny
Femininos,Tycia
Femininos,Tásiany
Femininos,Uhenilsa
Femininos,Uhenity
Femininos,Ulmirena
Femininos,Ulmiruna
Femininos,Ulmiryne
Femininos,Ulmirys
Femininos,Ulmirysa
Femininos,Ulula
Femininos,Ululais
Femininos,Ululaynela
Femininos,Umaitlyn
Femininos,Umanka
Femininos,Umansa
Femininos,Umatul
Femininos,Umaylar
Femininos,Urincesa
Femininos,Urine
Femininos,Urinie
Femininos,Ursida
Femininos,Ursili
Femininos,Ustine
Femininos,Vacienya
Femininos,Vacieta
Femininos,Vadela
Femininos,Vadelika
Femininos,Vadeline
Femininos,Vadelys
Femininos,Vadidia
Femininos,Vadidja
Femininos,Vadijab
Femininos,Valdimi
Femininos,Valdryam
Femininos,Valeen
Femininos,Valeezma
Femininos,Valeja
Femininos,Valeman
Femininos,Valene
Femininos,Valenifer
Femininos,Valesis
Femininos,Valeslsy
Femininos,Valey
Femininos,Valeya
Femininos,Valhent
Femininos,Vall
Femininos,Valla
Femininos,Valle
Femininos,Vallie
Femininos,Valnicca
Femininos,Valnicol
Femininos,Valquíde
Femininos,Valquídea
Femininos,Valéxissa
Femininos,Vanagi
Femininos,Vanayssa
Femininos,Vandiana
Femininos,Vaneise
Femininos,Vaniennat
Femininos,Vanieny
Femininos,Vanity
Femininos,Vanizia
Femininos,Vankira
Femininos,Vannela
Femininos,Vanuri
Femininos,Varahelsa
Femininos,Varsilita
Femininos,Varsilke
Femininos,Varvika
Femininos,Vedin
Femininos,Vedinia
Femininos,Velima
Femininos,Vell
Femininos,Velyanni
Femininos,Velyna
Femininos,Velynn
Femininos,Verany
Femininos,Vereanna
Femininos,Verejane
Femininos,Verentina
Femininos,Veresha
Femininos,Veress
Femininos,Vereziah
Femininos,Verol
Femininos,Veroli
Femininos,Verolina
Femininos,Veronie
Femininos,Veronilza
Femininos,Veronor
Femininos,Vickelia
Femininos,Victorini
Femininos,Vidana
Femininos,Vidani
Femininos,Viendie
Femininos,Vienya
Femininos,Vierrai
Femininos,Viges
Femininos,Viktóriane
Femininos,Villynn
Femininos,Vinitaj
Femininos,Violana
Femininos,Violaysa
Femininos,Violin
Femininos,Violina
Femininos,Violine
Femininos,Violuwa
Femininos,Viraniya
Femininos,Virnara
Femininos,Virsavi
Femininos,Virshak
Femininos,Vitta
Femininos,Vitte
Femininos,Vity
Femininos,Vitáliara
Femininos,Vitálissa
Femininos,Vivanie
Femininos,Vivierra
Femininos,Vivijah
Femininos,Vladabel
Femininos,Vladail
Femininos,Vladassa
Femininos,Vladato
Femininos,Vladiane
Femininos,Vladija
Femininos,Vladijah
Femininos,Vladine
Femininos,Vladiya
Femininos,Vladiyah
Femininos,Vladyane
Femininos,Vladyma
Femininos,Vladyna
Femininos,Vrisana
Femininos,Vriyane
Femininos,Wailin
Femininos,Wanaja
Femininos,Wandreet
Femininos,Wanyah
Femininos,Wareea
Femininos,Wareer
Femininos,Wareica
Femininos,Wayata
Femininos,Wayha
Femininos,Wayhana
Femininos,Wayhara
Femininos,Weidia
Femininos,Wenabel
Femininos,Werol
Femininos,Weronor
Femininos,Weslanna
Femininos,Wesliny
Femininos,Wesllena
Femininos,Whita
Femininos,Whiti
Femininos,Whitika
Femininos,Whitte
Femininos,Wiamita
Femininos,Wilfany
Femininos,Wiliar
Femininos,Wilice
Femininos,Wilinny
Femininos,Willah
Femininos,Willany
Femininos,Willcia
Femininos,Willina
Femininos,Willope
Femininos,Willyssa
Femininos,Wilssy
Femininos,Wingas
Femininos,Wyatanvi
Femininos,Wyatila
Femininos,Wyatou
Femininos,Wyatoula
Femininos,Wyssanna
Femininos,Wyssara
Femininos,Wyssatá
Femininos,Wysse
Femininos,Xaviane
Femininos,Xavini
Femininos,Xavivia
Femininos,Xically
Femininos,Xicarle
Femininos,Xilu
Femininos,Xiluvane
Femininos,Xiluz
Femininos,Xuanne
Femininos,Xymela
Femininos,Xymelia
Femininos,Xymelina
Femininos,Xymelish
Femininos,Xymelyn
Femininos,Yacia
Femininos,Yaciela
Femininos,Yadabel
Femininos,Yadalissa
Femininos,Yadalu
Femininos,Yadatul
Femininos,Yahanne
Femininos,Yaleigh
Femininos,Yanabu
Femininos,Yanavya
Femininos,Yanayola
Femininos,Yancia
Femininos,Yanicollya
Femininos,Yannayane
Femininos,Yarasly
Femininos,Yareet
Femininos,Yasancy
Femininos,Yasanda
Femininos,Yasandres
Femininos,Yasane
Femininos,Yasanvi
Femininos,Yashant
Femininos,Yashaya
Femininos,Yashaíz
Femininos,Yasheilia
Femininos,Yashek
Femininos,Yashekina
Femininos,Yashela
Femininos,Yashleen
Femininos,Yashmaide
Femininos,Yashmi
Femininos,Yashti
Femininos,Yashtmeet
Femininos,Yasleidy
Femininos,Yaslent
Femininos,Yasmahi
Femininos,Yasmahniya
Femininos,Yasminizia
Femininos,Yasmiracy
Femininos,Yassah
Femininos,Yassmara
Femininos,Yayenne
Femininos,Yedlyn
Femininos,Yedlyne
Femininos,Yeleong
Femininos,Yelika
Femininos,Yelleta
Femininos,Yelynn
Femininos,Yelyse
Femininos,Yenisiyah
Femininos,Yeomairane
Femininos,Yeomaya
Femininos,Yeomin
Femininos,Yeomini
Femininos,Yeslle
Femininos,Yeslsya
Femininos,Yevelia
Femininos,Yevelis
Femininos,Yevella
Femininos,Yevelle
Femininos,Yncarli
Femininos,Yoanassia
Femininos,Yoannye
Femininos,Yohailia
Femininos,Yohanika
Femininos,Yohanto
Femininos,Yolah
Femininos,Yole
Femininos,Yoleksana
Femininos,Yolet
Femininos,Yolette
Femininos,Yonato
Femininos,Yonatou
Femininos,Yoncé
Femininos,Yoshit
Femininos,Yosmah
Femininos,Yosmahir
Femininos,Yriscia
Femininos,Yriyah
Femininos,Yuanyra
Femininos,Yunnayana
Femininos,Yunnifer
Femininos,Yutika
Femininos,Yzavely
Femininos,Yzaverat
Femininos,Yzaveroli
Femininos,Yzavete
Femininos,Yásmirys
Femininos,Zahanda
Femininos,Zahanna
Femininos,Zahawwá
Femininos,Zairene
Femininos,Zairosia
Femininos,Zakilani
Femininos,Zakirat
Femininos,Zakisse
Femininos,Zalimpia
Femininos,Zalisber
Femininos,Zamariyahvi
Femininos,Zamatul
Femininos,Zambin
Femininos,Zamyrine
Femininos,Zangas
Femininos,Zaranshi
Femininos,Zayanca
Femininos,Zayessa
Femininos,Zayetra
Femininos,Zaylina
Femininos,Zaynel
Femininos,Zaynela
Femininos,Zayresi
Femininos,Zeineressar
Femininos,Zeinise
Femininos,Zelli
Femininos,Zenabita
Femininos,Zenatasia
Femininos,Zerezia
Femininos,Zhangi
Femininos,Zhanto
Femininos,Zinalía
Femininos,Zinha
Femininos,Zitanveer
Femininos,Zitanvi
Femininos,Zivani
Femininos,Zivanicol
Femininos,Zivansa
Femininos,Ziyali
Femininos,Ziyanel
Femininos,Ziyanna
Femininos,Ziyatou
Femininos,Zlatiara
Femininos,Zlatiha
Femininos,Zoe-Mar
Femininos,Zoe-Mara
Femininos,Zulaine
Femininos,Zulamily
Femininos,Zulayde
Femininos,Zuleidy
Femininos,Zuleigh
Femininos,Zuleinair
Femininos,Zulema
Femininos,Zuley
Femininos,Zuleyde
Femininos,Zulmireet
Femininos,Zuride
Femininos,Zuza
Femininos,Zuzany
Femininos,Zélicy
Femininos,Àureanje
Femininos,Àurenne
Femininos,Àurenti
Femininos,Áfrid
Femininos,Áfridce
Femininos,Áfride
Femininos,Áfridhi
Femininos,Áfrikaela
Femininos,Ágatalis
Femininos,Ágatee
Femininos,Ágathami
Femininos,Ágathamila
Femininos,Ágathiara
Femininos,Águelly
Femininos,Águerine
Femininos,Álcyara
Femininos,Ámileanna
Femininos,Ásmilla
Femininos,Ásmininho
Femininos,Áureane
Femininos,Áureyna
Femininos,Áyshara
Femininos,Ândristi
Femininos,Ângelcyan
Femininos,Ângencia
Femininos,Ângené
Femininos,Élicael
Femininos,Élissol
Femininos,Élistine
Femininos,Énianya
Femininos,Ériatra
Femininos,Érickaela
Femininos,Índice
Femininos,Íngridhi
Femininos,Ísianayara
Femininos,Úrsulaina
Masculinos,Aabacar
Masculinos,Aabacaro
Masculinos,Aagamba
Masculinos,Aagambo
Masculinos,Aahaman
Masculinos,Aahame
Masculinos,Aahamza
Masculinos,Aahibo
Masculinos,Aahibur
Masculinos,Aahido
Masculinos,Aahiro
Masculinos,Aarnani
Masculinos,Aaroop
Masculinos,Aaru
Masculinos,Aarunio
Masculinos,Aaruno
Masculinos,Aasahim
Masculinos,Aasahir
Masculinos,Aasanyu
Masculinos,Aasar
Masculinos,Aayanny
Masculinos,Aayussnain
Masculinos,Aayusuf
Masculinos,Abdelfim
Masculinos,Abdelme
Masculinos,Abdelmo
Masculinos,Abdelvio
Masculinos,Abderil
Masculinos,Abdery
Masculinos,Abdoal
Masculinos,Abdoallian
Masculinos,Abdoallo
Masculinos,Abdoard
Masculinos,Abdrago
Masculinos,Abdrav
Masculinos,Abdravy
Masculinos,Abduca
Masculinos,Abducas
Masculinos,Abdulany
Masculinos,Abdullake
Masculinos,Abdulrahil
Masculinos,Abdulraj
Masculinos,Abdurav
Masculinos,Abduravy
Masculinos,Abdurvan
Masculinos,Abelmo
Masculinos,Abhaan
Masculinos,Abhavi
Masculinos,Abhavio
Masculinos,Abhayson
Masculinos,Abhbir
Masculinos,Abhiner
Masculinos,Abhjot
Masculinos,Abias
Masculinos,Abilan
Masculinos,Abnezek
Masculinos,Abnezzy
Masculinos,Aboubair
Masculinos,Aboubem
Masculinos,Abraiah
Masculinos,Abrayhan
Masculinos,Abrias
Masculinos,Abriat
Masculinos,Abrico
Masculinos,Abrízione
Masculinos,Absalon
Masculinos,Absalvio
Masculinos,Absalvis
Masculinos,Adabsalão
Masculinos,Adalikh
Masculinos,Adaltas
Masculinos,Adalter
Masculinos,Adaltin
Masculinos,Adamason
Masculinos,Adamil
Masculinos,Adamiresio
Masculinos,Adanian
Masculinos,Adanyr
Masculinos,Adarin
Masculinos,Adarir
Masculinos,Adarsis
Masculinos,Adayene
Masculinos,Adaymie
Masculinos,Addishi
Masculinos,Adelmer
Masculinos,Ademartí
Masculinos,Ademias
Masculinos,Adeslay
Masculinos,Adeury
Masculinos,Adeyvanino
Masculinos,Adilroi
Masculinos,Adimann
Masculinos,Adishang
Masculinos,Adnaniel
Masculinos,Adneymaru
Masculinos,Adonner
Masculinos,Adoren
Masculinos,Adorino
Masculinos,Adoro
Masculinos,Adorovy
Masculinos,Adouan
Masculinos,Adreak
Masculinos,Adrichael
Masculinos,Adrichay
Masculinos,Adricolm
Masculinos,Adristia
Masculinos,Adryanny
Masculinos,Adut
Masculinos,Adyslav
Masculinos,Adyson
Masculinos,Adélcid
Masculinos,Adércis
Masculinos,Adériat
Masculinos,Adónimo
Masculinos,Adónior
Masculinos,Aedenan
Masculinos,Aerill
Masculinos,Affael
Masculinos,Affaelson
Masculinos,Afim
Masculinos,Afonstan
Masculinos,Afrancho
Masculinos,Agamad
Masculinos,Agaman
Masculinos,Agamanu
Masculinos,Agamba
Masculinos,Agoziel
Masculinos,Ahmandr
Masculinos,Ahmanes
Masculinos,Ahmani
Masculinos,Ahmano
Masculinos,Ahmanraj
Masculinos,Ahmant
Masculinos,Ahmanto
Masculinos,Ahmiel
Masculinos,Ahmim
Masculinos,Ahreyes
Masculinos,Aidenzo
Masculinos,Ailandre
Masculinos,Aimandro
Masculinos,Aimanny
Masculinos,Aimartani
Masculinos,Aimason
Masculinos,Aimothéo
Masculinos,Airat
Masculinos,Airossa
Masculinos,Airyaan
Masculinos,Aizede
Masculinos,Aizeder
Masculinos,Ajidaan
Masculinos,Ajidak
Masculinos,Aksherme
Masculinos,Aksii
Masculinos,Aksima
Masculinos,Akurick
Masculinos,Akurinder
Masculinos,Alaceo
Masculinos,Alachali
Masculinos,Alachari
Masculinos,Alagenes
Masculinos,Alamas
Masculinos,Alanderikhai
Masculinos,Alaque
Masculinos,Alaquim
Masculinos,Alasque
Masculinos,Alassim
Masculinos,Albanyu
Masculinos,Albernan
Masculinos,Alcar
Masculinos,Alcas
Masculinos,Alcinton
Masculinos,Alcol
Masculinos,Alcolas
Masculinos,Alcomo
Masculinos,Aleben
Masculinos,Alebernelo
Masculinos,Alechad
Masculinos,Aleed
Masculinos,Alejani
Masculinos,Aleksansh
Masculinos,Aleksant
Masculinos,Aleksimiou
Masculinos,Aleksimo
Masculinos,Alenir
Masculinos,Alenneth
Masculinos,Alente
Masculinos,Alenyel
Masculinos,Alenys
Masculinos,Alesaqui
Masculinos,Alesaro
Masculinos,Alexsano
Masculinos,Alfeefan
Masculinos,Alfreder
Masculinos,Alhad
Masculinos,Alhadj
Masculinos,Alhadja
Masculinos,Alhasmo
Masculinos,Alibene
Masculinos,Alider
Masculinos,Alielso
Masculinos,Alikhauã
Masculinos,Alileyson
Masculinos,Alimofiy
Masculinos,Alinder
Masculinos,Alinto
Masculinos,Allauri
Masculinos,Alld
Masculinos,Allemen
Masculinos,Allias
Masculinos,Alomeo
Masculinos,Alomes
Masculinos,Alphaël
Masculinos,Alpremario
Masculinos,Alsenil
Masculinos,Alsennedi
Masculinos,Althan
Masculinos,Aléri
Masculinos,Amadaria
Masculinos,Amadeep
Masculinos,Amadut
Masculinos,Amalad
Masculinos,Amaldo
Masculinos,Amalien
Masculinos,Amalile
Masculinos,Amandre
Masculinos,Amangel
Masculinos,Amanto
Masculinos,Amarte
Masculinos,Amatin
Masculinos,Amias
Masculinos,Amido
Masculinos,Amiene
Masculinos,Amikhali
Masculinos,Amileu
Masculinos,Amingo
Masculinos,Amington
Masculinos,Amirosh
Masculinos,Amisanael
Masculinos,Ammadeep
Masculinos,Amorio
Masculinos,Amâncisco
Masculinos,Améritas
Masculinos,Amílionut
Masculinos,Anancho
Masculinos,Anandro
Masculinos,Ananii
Masculinos,Anant
Masculinos,Anantigo
Masculinos,Anassim
Masculinos,Anassin
Masculinos,Anastián
Masculinos,Anathyn
Masculinos,Anavron
Masculinos,Andinav
Masculinos,Andino
Masculinos,Andiné
Masculinos,Andio
Masculinos,Andiogou
Masculinos,Andion
Masculinos,Andjiring
Masculinos,Andjo
Masculinos,Andonaldo
Masculinos,Andreyan
Masculinos,Angelson
Masculinos,Angos
Masculinos,Angvir
Masculinos,Anicolm
Masculinos,Anklino
Masculinos,Anselliamy
Masculinos,Anselton
Masculinos,Anshil
Masculinos,Anshin
Masculinos,Anshita
Masculinos,Anshiv
Masculinos,Antheo
Masculinos,Anthomaz
Masculinos,Antian
Masculinos,Antiel
Masculinos,Antier
Masculinos,Antil
Masculinos,Antime
Masculinos,Antinho
Masculinos,Antins
Masculinos,Antius
Masculinos,Antiusz
Masculinos,Antveer
Masculinos,Antvei
Masculinos,Antyando
Masculinos,Anvalam
Masculinos,Anvaldo
Masculinos,Aouson
Masculinos,Aoussa
Masculinos,Aoussuf
Masculinos,Aquiel
Masculinos,Aramjit
Masculinos,Arandro
Masculinos,Aranilan
Masculinos,Arave
Masculinos,Arbertino
Masculinos,Arceli
Masculinos,Arhammanne
Masculinos,Ariato
Masculinos,Arichi
Masculinos,Ariffinn
Masculinos,Arishams
Masculinos,Arist
Masculinos,Arjunio
Masculinos,Arjunxi
Masculinos,Arliezaido
Masculinos,Arlosjot
Masculinos,Armaatianny
Masculinos,Armansh
Masculinos,Armanveer
Masculinos,Armeed
Masculinos,Armenelju
Masculinos,Arment
Masculinos,Armik
Masculinos,Armike
Masculinos,Armikh
Masculinos,Arming
Masculinos,Arnard
Masculinos,Arnarsh
Masculinos,Arnarth
Masculinos,Arnestepan
Masculinos,Aroualiu
Masculinos,Arpreem
Masculinos,Arpremy
Masculinos,Arre
Masculinos,Arrynal
Masculinos,Arsenes
Masculinos,Arsenilson
Masculinos,Arshamy
Masculinos,Arshann
Masculinos,Arshesh
Masculinos,Arsile
Masculinos,Arsim
Masculinos,Arste
Masculinos,Arstney
Masculinos,Artant
Masculinos,Artazar
Masculinos,Artemian
Masculinos,Artemiro
Masculinos,Arthalley
Masculinos,Arthas
Masculinos,Arthelisalvi
Masculinos,Arthier
Masculinos,Arthil
Masculinos,Artimo
Masculinos,Artinsh
Masculinos,Artiny
Masculinos,Artis
Masculinos,Artol
Masculinos,Artunay
Masculinos,Artyomas
Masculinos,Asahido
Masculinos,Asandru
Masculinos,Asans
Masculinos,Asenilson
Masculinos,Asenyer
Masculinos,Ashamadú
Masculinos,Ashervé
Masculinos,Ashest
Masculinos,Ashiv
Masculinos,Asilai
Masculinos,Asiluai
Masculinos,Asiluan
Masculinos,Asiraj
Masculinos,Aslavi
Masculinos,Assaides
Masculinos,Asshino
Masculinos,Asshir
Masculinos,Assirana
Masculinos,Assjon
Masculinos,Assten
Masculinos,Atha
Masculinos,Athalin
Masculinos,Athier
Masculinos,Athomed
Masculinos,Atlassin
Masculinos,Atre
Masculinos,Atrevon
Masculinos,Atrizia
Masculinos,Atíssef
Masculinos,Atísser
Masculinos,Augurjot
Masculinos,Augustis
Masculinos,Augustián
Masculinos,Auramilton
Masculinos,Aurave
Masculinos,Auraví
Masculinos,Aurell
Masculinos,Aurenz
Masculinos,Aurenzo
Masculinos,Aurii
Masculinos,Auriley
Masculinos,Avelar
Masculinos,Avensh
Masculinos,Ayamian
Masculinos,Ayandrein
Masculinos,Aydann
Masculinos,Aykelmyr
Masculinos,Aykelton
Masculinos,Aykelves
Masculinos,Aylango
Masculinos,Aylore
Masculinos,Aymarley
Masculinos,Ayoshuan
Masculinos,Ayoshur
Masculinos,Ayouney
Masculinos,Ayroni
Masculinos,Ayronio
Masculinos,Ayronny
Masculinos,Ayusse
Masculinos,Azandem
Masculinos,Azaramindonn
Masculinos,Azmateus
Masculinos,Azmathias
Masculinos,Azmatvey
Masculinos,Azmatísse
Masculinos,Bacardo
Masculinos,Bacaro
Masculinos,Bachiza
Masculinos,Badali
Masculinos,Badami
Masculinos,Badamie
Masculinos,Badane
Masculinos,Badric
Masculinos,Badrix
Masculinos,Baicol
Masculinos,Baltas
Masculinos,Balthanil
Masculinos,Bambir
Masculinos,Baradu
Masculinos,Baramião
Masculinos,Baramón
Masculinos,Barancio
Masculinos,Barando
Masculinos,Barte
Masculinos,Bartis
Masculinos,Barto
Masculinos,Basilan
Masculinos,Basimo
Masculinos,Basimon
Masculinos,Basimão
Masculinos,Bastaf
Masculinos,Bastafá
Masculinos,Bastianyr
Masculinos,Bastie
Masculinos,Bastino
Masculinos,Bastis
Masculinos,Bastácio
Masculinos,Batik
Masculinos,Batin
Masculinos,Batis
Masculinos,Bekolan
Masculinos,Bekolo
Masculinos,Belassjot
Masculinos,Belchrist
Masculinos,Benal
Masculinos,Benayan
Masculinos,Benaye
Masculinos,Bendero
Masculinos,Benegino
Masculinos,Beneloy
Masculinos,Beniil
Masculinos,Benilan
Masculinos,Benirad
Masculinos,Benirmikh
Masculinos,Benjahmed
Masculinos,Benjamad
Masculinos,Benjame
Masculinos,Benjay
Masculinos,Benjayenes
Masculinos,Benjaylas
Masculinos,Benjayson
Masculinos,Bentilan
Masculinos,Bentim
Masculinos,Bentime
Masculinos,Bentino
Masculinos,Bentiny
Masculinos,Bentsis
Masculinos,Bernes
Masculinos,Bertiméo
Masculinos,Bertis
Masculinos,Bertoly
Masculinos,Betonio
Masculinos,Bhaamer
Masculinos,Bhaan
Masculinos,Bhayser
Masculinos,Bher
Masculinos,Bheric
Masculinos,Bhernão
Masculinos,Bhubem
Masculinos,Bilandre
Masculinos,Bilandro
Masculinos,Bilank
Masculinos,Bilano
Masculinos,Biliano
Masculinos,Bilipesh
Masculinos,Billiab
Masculinos,Billiano
Masculinos,Billino
Masculinos,Billipe
Masculinos,Bish
Masculinos,Bishafa
Masculinos,Blakemiy
Masculinos,Bogdanildo
Masculinos,Bohdanil
Masculinos,Bojid
Masculinos,Bojidayvan
Masculinos,Bojie
Masculinos,Borri
Masculinos,Boubacardo
Masculinos,Boubene
Masculinos,Braaj
Masculinos,Brahab
Masculinos,Braheemie
Masculinos,Braheer
Masculinos,Brahibo
Masculinos,Brahmad
Masculinos,Brahmed
Masculinos,Braidany
Masculinos,Braimotei
Masculinos,Braimustino
Masculinos,Braiyano
Masculinos,Branio
Masculinos,Bransh
Masculinos,Brard
Masculinos,Braredynilso
Masculinos,Brareth
Masculinos,Brayirto
Masculinos,Braylor
Masculinos,Brencentej
Masculinos,Brenzu
Masculinos,Brenzy
Masculinos,Brics
Masculinos,Brill
Masculinos,Brizine
Masculinos,Brizion
Masculinos,Bryel
Masculinos,Bráulian
Masculinos,Bráulias
Masculinos,Bubastavo
Masculinos,Cadeury
Masculinos,Cailter
Masculinos,Cairya
Masculinos,Calexel
Masculinos,Calexsan
Masculinos,Califa
Masculinos,Calvadir
Masculinos,Camed
Masculinos,Camer
Masculinos,Camesaú
Masculinos,Canjo
Masculinos,Capriah
Masculinos,Caprin
Masculinos,Cariyan
Masculinos,Carmeed
Masculinos,Casima
Masculinos,Casthis
Masculinos,Castias
Masculinos,Castinho
Masculinos,Castino
Masculinos,Catanas
Masculinos,Catanley
Masculinos,Catas
Masculinos,Caydonné
Masculinos,Caylores
Masculinos,Cayoshua
Masculinos,Cayous
Masculinos,Caícolas
Masculinos,Cedriano
Masculinos,Cedrián
Masculinos,Cele
Masculinos,Celeu
Masculinos,Celizael
Masculinos,Cesco
Masculinos,Cescoal
Masculinos,Ceumili
Masculinos,Ceumitro
Masculinos,Ceumitrun
Masculinos,Cezaid
Masculinos,Cezain
Masculinos,Cezaque
Masculinos,Chaiah
Masculinos,Chard
Masculinos,Chariat
Masculinos,Charlonso
Masculinos,Charme
Masculinos,Charo
Masculinos,Charpit
Masculinos,Charpo
Masculinos,Charpres
Masculinos,Charsell
Masculinos,Charyan
Masculinos,Chayjit
Masculinos,Chazar
Masculinos,Cheidan
Masculinos,Cheids
Masculinos,Cheito
Masculinos,Chelberto
Masculinos,Cheliya
Masculinos,Chelme
Masculinos,Chelson
Masculinos,Chendji
Masculinos,Chendr
Masculinos,Cheodolfo
Masculinos,Cheorges
Masculinos,Chermanni
Masculinos,Cherme
Masculinos,Chermín
Masculinos,Chernan
Masculinos,Cherson
Masculinos,Chichalim
Masculinos,Chier
Masculinos,Chieu
Masculinos,Chimar
Masculinos,Chitalix
Masculinos,Chiza
Masculinos,Chizael
Masculinos,Chizak
Masculinos,Chizan
Masculinos,Chizander
Masculinos,Chizaron
Masculinos,Cholav
Masculinos,Cholayen
Masculinos,Chridan
Masculinos,Chridhiro
Masculinos,Chridhis
Masculinos,Chrishi
Masculinos,Chrishwas
Masculinos,Chrisson
Masculinos,Christanto
Masculinos,Christhiagos
Masculinos,Christon
Masculinos,Chriyad
Masculinos,Chriyalan
Masculinos,Chryslav
Masculinos,Cides
Masculinos,Ciprianne
Masculinos,Cipriy
Masculinos,Cirossa
Masculinos,Cison
Masculinos,Ciszeke
Masculinos,Cizion
Masculinos,Claume
Masculinos,Claureo
Masculinos,Clayeed
Masculinos,Clayr
Masculinos,Clayrto
Masculinos,Cledi
Masculinos,Cledimir
Masculinos,Cleimash
Masculinos,Clemal
Masculinos,Cleman
Masculinos,Clenne
Masculinos,Clenzy
Masculinos,Clesan
Masculinos,Clesando
Masculinos,Clesse
Masculinos,Cláucian
Masculinos,Cláucien
Masculinos,Cléberto
Masculinos,Colas
Masculinos,Collah
Masculinos,Collan
Masculinos,Conné
Masculinos,Conso
Masculinos,Conson
Masculinos,Constaf
Masculinos,Constav
Masculinos,Coop
Masculinos,Cosmann
Masculinos,Crishama
Masculinos,Crishawn
Masculinos,Crister
Masculinos,Cristo
Masculinos,Curtavya
Masculinos,Curtinho
Masculinos,Curtisseh
Masculinos,Custan
Masculinos,Custiano
Masculinos,Cândar
Masculinos,Cândiogo
Masculinos,Cédrias
Masculinos,Cédrieel
Masculinos,Cédries
Masculinos,Cédrist
Masculinos,Césaradj
Masculinos,Césarbin
Masculinos,Césaroun
Masculinos,Dacom
Masculinos,Dacomo
Masculinos,Daivian
Masculinos,Daivier
Masculinos,Dalban
Masculinos,Damarsh
Masculinos,Dameet
Masculinos,Damili
Masculinos,Damoayé
Masculinos,Danilan
Masculinos,Danineu
Masculinos,Danirman
Masculinos,Dannani
Masculinos,Dannedy
Masculinos,Dantin
Masculinos,Dantino
Masculinos,Daravi
Masculinos,Darice
Masculinos,Darsen
Masculinos,Darsenino
Masculinos,Darsenni
Masculinos,Darshaan
Masculinos,Darshan
Masculinos,Darson
Masculinos,Davenay
Masculinos,Davidaan
Masculinos,Davihali
Masculinos,Davishmien
Masculinos,Dawamed
Masculinos,Dawamilton
Masculinos,Dawazley
Masculinos,Dawitson
Masculinos,Dayaad
Masculinos,Daylassé
Masculinos,Daym
Masculinos,Dayvanil
Masculinos,Deivane
Masculinos,Deiwier
Masculinos,Deiwill
Masculinos,Delhash
Masculinos,Dell
Masculinos,Delley
Masculinos,Dellian
Masculinos,Delmyron
Masculinos,Dembomaz
Masculinos,Demilen
Masculinos,Denikolo
Masculinos,Denne
Masculinos,Deoclidi
Masculinos,Deoliviu
Masculinos,Deriaan
Masculinos,Deriful
Masculinos,Derignácio
Masculinos,Derigor
Masculinos,Derile
Masculinos,Derivan
Masculinos,Deroane
Masculinos,Dest
Masculinos,Destiano
Masculinos,Deuri
Masculinos,Deyvanye
Masculinos,Dhaame
Masculinos,Dhaarnes
Masculinos,Dhaarno
Masculinos,Dhake
Masculinos,Dhakina
Masculinos,Dham
Masculinos,Dhardo
Masculinos,Dharko
Masculinos,Dharoone
Masculinos,Dharpo
Masculinos,Dhevaldo
Masculinos,Dhevalém
Masculinos,Dhevanyu
Masculinos,Dhiros
Masculinos,Dhishir
Masculinos,Dhrat
Masculinos,Dhratik
Masculinos,Dhratiu
Masculinos,Dhridil
Masculinos,Dhrumiro
Masculinos,Dhrush
Masculinos,Dhruvian
Masculinos,Dhvane
Masculinos,Dhyades
Masculinos,Dhyamy
Masculinos,Dhyanni
Masculinos,Dhyannis
Masculinos,Didiameel
Masculinos,Didou
Masculinos,Didouan
Masculinos,Dielipe
Masculinos,Dieudon
Masculinos,Dieudor
Masculinos,Diinico
Masculinos,Diinizar
Masculinos,Dikafa
Masculinos,Dikar
Masculinos,Dikarad
Masculinos,Dikaron
Masculinos,Dillio
Masculinos,Dillyson
Masculinos,Dilrahir
Masculinos,Dilroi
Masculinos,Dimanus
Masculinos,Dimil
Masculinos,Dimile
Masculinos,Dimiles
Masculinos,Dimilson
Masculinos,Dimiro
Masculinos,Diniccas
Masculinos,Dinick
Masculinos,Dinicolan
Masculinos,Dinoor
Masculinos,Dirceumit
Masculinos,Disheel
Masculinos,Dishmadeo
Masculinos,Dislam
Masculinos,Divijoy
Masculinos,Diógen
Masculinos,Djaadab
Masculinos,Djail
Masculinos,Djaimeo
Masculinos,Djairthys
Masculinos,Djameer
Masculinos,Djamini
Masculinos,Djandrick
Masculinos,Djangelo
Masculinos,Djanu
Masculinos,Djanuel
Masculinos,Djanussa
Masculinos,Djasdair
Masculinos,Djasmo
Masculinos,Djasnai
Masculinos,Djaspart
Masculinos,Djasrael
Masculinos,Djayler
Masculinos,Djayn
Masculinos,Djayssa
Masculinos,Djenildy
Masculinos,Djenilo
Masculinos,Djenith
Masculinos,Djer
Masculinos,Djerio
Masculinos,Djessan
Masculinos,Djessio
Masculinos,Djessis
Masculinos,Djevaan
Masculinos,Djeval
Masculinos,Djeydenal
Masculinos,Djezi
Masculinos,Djezzar
Masculinos,Djhon
Masculinos,Djhonata
Masculinos,Djindo
Masculinos,Djindon
Masculinos,Djinkelcio
Masculinos,Djinkelvin
Masculinos,Djirile
Masculinos,Djosemo
Masculinos,Djostiden
Masculinos,Djudes
Masculinos,Djudev
Masculinos,Djéidario
Masculinos,Dmil
Masculinos,Dmilen
Masculinos,Dmilon
Masculinos,Dmita
Masculinos,Dominder
Masculinos,Domindo
Masculinos,Doming
Masculinos,Dominish
Masculinos,Domino
Masculinos,Domirester
Masculinos,Domiro
Masculinos,Domiré
Masculinos,Donanis
Masculinos,Doresio
Masculinos,Douardo
Masculinos,Doulai
Masculinos,Drahir
Masculinos,Drahmad
Masculinos,Drahmeet
Masculinos,Dravel
Masculinos,Dravio
Masculinos,Dravpreet
Masculinos,Driat
Masculinos,Dricar
Masculinos,Drii
Masculinos,Duarthan
Masculinos,Dugérick
Masculinos,Dugérson
Masculinos,Dullah
Masculinos,Dulwaz
Masculinos,Dumilson
Masculinos,Dumit
Masculinos,Dumitrio
Masculinos,Duravio
Masculinos,Durvani
Masculinos,Dwardi
Masculinos,Dwardo
Masculinos,Dwarea
Masculinos,Dwince
Masculinos,Dylanoel
Masculinos,Dylley
Masculinos,Dyllino
Masculinos,Dárthys
Masculinos,Délcine
Masculinos,Dénior
Masculinos,Dénior-He
Masculinos,Dérichi
Masculinos,Dênishake
Masculinos,Dúliotto
Masculinos,Ebnezeke
Masculinos,Ebrahmann
Masculinos,Ebrai
Masculinos,Ebriel
Masculinos,Ebrizio
Masculinos,Edanyr
Masculinos,Edderry
Masculinos,Eddiego
Masculinos,Eddish
Masculinos,Edenne
Masculinos,Edeque
Masculinos,Ederif
Masculinos,Ederlank
Masculinos,Edgareak
Masculinos,Edgares
Masculinos,Edgil
Masculinos,Edgilber
Masculinos,Edinho
Masculinos,Edinik
Masculinos,Edircel
Masculinos,Edjameer
Masculinos,Edjanu
Masculinos,Edmanai
Masculinos,Edmane
Masculinos,Edmarth
Masculinos,Ednercio
Masculinos,Edneymanil
Masculinos,Ednil
Masculinos,Ednilo
Masculinos,Edoal
Masculinos,Edrii
Masculinos,Edsane
Masculinos,Edsann
Masculinos,Eduartheo
Masculinos,Edval
Masculinos,Edvalec
Masculinos,Edvali
Masculinos,Edwarre
Masculinos,Edwarry
Masculinos,Edwayaan
Masculinos,Edwayan
Masculinos,Edwayn
Masculinos,Edynik
Masculinos,Edynil
Masculinos,Efran
Masculinos,Egastian
Masculinos,Egonza
Masculinos,Egonzagander
Masculinos,Eidalin
Masculinos,Eidiego
Masculinos,Ekamian
Masculinos,Ekamias
Masculinos,Eldembo
Masculinos,Eldemekam
Masculinos,Eldemo
Masculinos,Elderry
Masculinos,Eldim
Masculinos,Eldime
Masculinos,Elessy
Masculinos,Elgarentyn
Masculinos,Elgarenço
Masculinos,Elgarya
Masculinos,Elhad
Masculinos,Elhadiel
Masculinos,Elhadio
Masculinos,Eliami
Masculinos,Elianley
Masculinos,Elicínic
Masculinos,Eliezi
Masculinos,Elindo
Masculinos,Elingo
Masculinos,Elioenato
Masculinos,Elionut
Masculinos,Elipp
Masculinos,Elippe
Masculinos,Elisael
Masculinos,Elisanye
Masculinos,Elisteven
Masculinos,Elitam
Masculinos,Elixto
Masculinos,Ellisaak
Masculinos,Ellvim
Masculinos,Ellyann
Masculinos,Elmeryk
Masculinos,Elmiré
Masculinos,Elunest
Masculinos,Elyamião
Masculinos,Elyamy
Masculinos,Emekamjot
Masculinos,Emeremuel
Masculinos,Emerick
Masculinos,Emes
Masculinos,Emetr
Masculinos,Emianny
Masculinos,Emilal
Masculinos,Emilcélio
Masculinos,Emilippe
Masculinos,Emiro
Masculinos,Emironai
Masculinos,Emmadou
Masculinos,Emmadú
Masculinos,Emmari
Masculinos,Emílcard
Masculinos,Emílcas
Masculinos,Endavis
Masculinos,Endeep
Masculinos,Endelmo
Masculinos,Endiniz
Masculinos,Endion
Masculinos,Endiou
Masculinos,Endru
Masculinos,Eniil
Masculinos,Enrykson
Masculinos,Enzelar
Masculinos,Epandru
Masculinos,Epandré
Masculinos,Epantón
Masculinos,Eraia
Masculinos,Eraias
Masculinos,Erar
Masculinos,Erardo
Masculinos,Eratia
Masculinos,Ericolas
Masculinos,Eridalo
Masculinos,Erigorys
Masculinos,Erikel
Masculinos,Eritse
Masculinos,Erivero
Masculinos,Ernarth
Masculinos,Ernel
Masculinos,Erno
Masculinos,Erycy
Masculinos,Esand
Masculinos,Esandr
Masculinos,Esaquín
Masculinos,Esdrago
Masculinos,Esmarte
Masculinos,Est
Masculinos,Esteng
Masculinos,Estian
Masculinos,Estiel
Masculinos,Estien
Masculinos,Estini
Masculinos,Estinislan
Masculinos,Estino
Masculinos,Estis
Masculinos,Esto
Masculinos,Estéphaël
Masculinos,Eteron
Masculinos,Etiaan
Masculinos,Etil
Masculinos,Euclicio
Masculinos,Euclick
Masculinos,Euclidenni
Masculinos,Eudesley
Masculinos,Eudon
Masculinos,Eudonin
Masculinos,Eudoro
Masculinos,Eudovis
Masculinos,Eugenry
Masculinos,Eugerigo
Masculinos,Eugérson
Masculinos,Evaldem
Masculinos,Evalidi
Masculinos,Evandeep
Masculinos,Evguel
Masculinos,Evincesley
Masculinos,Evindery
Masculinos,Evino
Masculinos,Ewert
Masculinos,Eydenis
Masculinos,Eydyanio
Masculinos,Ezaque
Masculinos,Ezaquian
Masculinos,Ezaquin
Masculinos,Ezaro
Masculinos,Ezeque
Masculinos,Ezequen
Masculinos,Fabilal
Masculinos,Fabilian
Masculinos,Fabraias
Masculinos,Fabrayan
Masculinos,Fabraylan
Masculinos,Fabrayyab
Masculinos,Fabriccas
Masculinos,Fabries
Masculinos,Fabrilo
Masculinos,Fabrima
Masculinos,Fabrimarteo
Masculinos,Fabryan
Masculinos,Fahamir
Masculinos,Fahammed
Masculinos,Fahilipe
Masculinos,Faizael
Masculinos,Faizandio
Masculinos,Faizaro
Masculinos,Fateom
Masculinos,Faus
Masculinos,Fedec
Masculinos,Feliam
Masculinos,Felien
Masculinos,Felises
Masculinos,Felison
Masculinos,Feliyan
Masculinos,Fenilano
Masculinos,Feniny
Masculinos,Fenitay
Masculinos,Fern
Masculinos,Fernes
Masculinos,Filiano
Masculinos,Filonel
Masculinos,Firmany
Masculinos,Firminiz
Masculinos,Flav
Masculinos,Flores
Masculinos,Fortunal
Masculinos,Fortur
Masculinos,Fraid
Masculinos,Fraime
Masculinos,Fraimon
Masculinos,Fraison
Masculinos,Franai
Masculinos,Francent
Masculinos,Franchon
Masculinos,Frander
Masculinos,Frando
Masculinos,Franjo
Masculinos,Franjot
Masculinos,Fransh
Masculinos,Franvaldo
Masculinos,Frazvandre
Masculinos,Freden
Masculinos,Fredequi
Masculinos,Freder
Masculinos,Fredil
Masculinos,Fredilson
Masculinos,Frediman
Masculinos,Fredir
Masculinos,Fredyman
Masculinos,Freyankit
Masculinos,Freyant
Masculinos,Frédércio
Masculinos,Gabrahmed
Masculinos,Gabrai
Masculinos,Gabrana
Masculinos,Gabrayam
Masculinos,Gabrian
Masculinos,Gabryan
Masculinos,Gadilan
Masculinos,Gadimil
Masculinos,Gadimiro
Masculinos,Gadish
Masculinos,Gael-Con
Masculinos,Galoya
Masculinos,Gamadolf
Masculinos,Gareece
Masculinos,Gaspim
Masculinos,Gaspindor
Masculinos,Gastin
Masculinos,Gastino
Masculinos,Gaurenoque
Masculinos,Gauréliel
Masculinos,Genezer
Masculinos,Gentyn
Masculinos,Georghit
Masculinos,Geovanis
Masculinos,Geovansh
Masculinos,Geovanyerike
Masculinos,Ger
Masculinos,Gerashvir
Masculinos,Germe
Masculinos,Gero
Masculinos,Ghab
Masculinos,Ghaba
Masculinos,Ghabaj
Masculinos,Ghabhin
Masculinos,Ghabhjot
Masculinos,Ghabryan
Masculinos,Ghaleb
Masculinos,Ghales
Masculinos,Ghalima
Masculinos,Ghe
Masculinos,Giaco
Masculinos,Gianley
Masculinos,Gianyr
Masculinos,Gilbertson
Masculinos,Gilder
Masculinos,Gilmaan
Masculinos,Gilmario
Masculinos,Gilme
Masculinos,Ginaniel
Masculinos,Gior
Masculinos,Gius
Masculinos,Glas
Masculinos,Glaume
Masculinos,Glaureo
Masculinos,Glebene
Masculinos,Glebert
Masculinos,Glenino
Masculinos,Godfreem
Masculinos,Gonza
Masculinos,Grahir
Masculinos,Grahmany
Masculinos,Gregalo
Masculinos,Gregino
Masculinos,Grif
Masculinos,Grignazael
Masculinos,Grigo
Masculinos,Grigor
Masculinos,Grov
Masculinos,Gualdo
Masculinos,Gualino
Masculinos,Gualiy
Masculinos,Guidnei
Masculinos,Guidner
Masculinos,Guile
Masculinos,Guilen
Masculinos,Guiley
Masculinos,Guill
Masculinos,Guillah
Masculinos,Guillino
Masculinos,Guillio
Masculinos,Guillo
Masculinos,Guilly
Masculinos,Guillyan
Masculinos,Guillys
Masculinos,Guramin
Masculinos,Guramir
Masculinos,Guranan
Masculinos,Gurani
Masculinos,Guravya
Masculinos,Gurayne
Masculinos,Gurcanfa
Masculinos,Gurmus
Masculinos,Gurmussa
Masculinos,Gurnard
Masculinos,Gurnim
Masculinos,Gurnimo
Masculinos,Gurnimon
Masculinos,Gurno
Masculinos,Gursaac
Masculinos,Gursaad
Masculinos,Gurshafez
Masculinos,Gursham
Masculinos,Gurshamanni
Masculinos,Gursil
Masculinos,Gursile
Masculinos,Gursimo
Masculinos,Gursis
Masculinos,Gurvaldo
Masculinos,Gurvandr
Masculinos,Gurwindo
Masculinos,Gustavik
Masculinos,Gustie
Masculinos,Gustián
Masculinos,Gustião
Masculinos,Guston
Masculinos,Gustophe
Masculinos,Gustopher
Masculinos,Gustovão
Masculinos,Gustyago
Masculinos,Gério
Masculinos,Géritvik
Masculinos,Haanko
Masculinos,Haaran
Masculinos,Habacar
Masculinos,Habhin
Masculinos,Hailano
Masculinos,Hakineu
Masculinos,Hamad
Masculinos,Hamannan
Masculinos,Hamant
Masculinos,Hamilain
Masculinos,Haojidas
Masculinos,Haramza
Masculinos,Hardim
Masculinos,Hariaan
Masculinos,Harkir
Masculinos,Harnak
Masculinos,Harno
Masculinos,Haroney
Masculinos,Harpo
Masculinos,Harrenzo
Masculinos,Harsen
Masculinos,Hasafee
Masculinos,Hasafeef
Masculinos,Hasandro
Masculinos,Hasaran
Masculinos,Hasaras
Masculinos,Hasmo
Masculinos,Hasnaido
Masculinos,Hasnuri
Masculinos,Hassias
Masculinos,Hatigory
Masculinos,Hayjit
Masculinos,Hazandy
Masculinos,Hazarir
Masculinos,Hazaru
Masculinos,Hebrahman
Masculinos,Hectav
Masculinos,Heidak
Masculinos,Heidal
Masculinos,Heidas
Masculinos,Heihou
Masculinos,Heihoub
Masculinos,Heikheid
Masculinos,Helang
Masculinos,Helberno
Masculinos,Heldemo
Masculinos,Heliameep
Masculinos,Helianis
Masculinos,Heling
Masculinos,Heliott
Masculinos,Helmarvin
Masculinos,Hemiany
Masculinos,Hemitro
Masculinos,Hendeep
Masculinos,Henico
Masculinos,Henilso
Masculinos,Henior
Masculinos,Henrykson
Masculinos,Herculeitoni
Masculinos,Herlankit
Masculinos,Herliel
Masculinos,Herlin
Masculinos,Hermaaz
Masculinos,Hermante
Masculinos,Hermukh
Masculinos,Heydinick
Masculinos,Heydyan
Masculinos,Hiandr
Masculinos,Hianyfá
Masculinos,Hiaryan
Masculinos,Hikaell
Masculinos,Hikaran
Masculinos,Hikaranaelso
Masculinos,Hikarnard
Masculinos,Hiliano
Masculinos,Hilino
Masculinos,Hiliott
Masculinos,Hill
Masculinos,Hillemal
Masculinos,Hiller
Masculinos,Hillino
Masculinos,Hinachir
Masculinos,Hitalen
Masculinos,Honato
Masculinos,Honiko
Masculinos,Hoomair
Masculinos,Hoomaro
Masculinos,Hoomarvyn
Masculinos,Hoomason
Masculinos,Horushi
Masculinos,Horussa
Masculinos,Horusser
Masculinos,Houbacardo
Masculinos,Houbem
Masculinos,Hriste
Masculinos,Hristias
Masculinos,Hristino
Masculinos,Hriy
Masculinos,Hriyadi
Masculinos,Humber
Masculinos,Husalão
Masculinos,Husamad
Masculinos,Husamudu
Masculinos,Hussamás
Masculinos,Hussandre
Masculinos,Hussano
Masculinos,Hussany
Masculinos,Husse
Masculinos,Husseh
Masculinos,Hussei
Masculinos,Husser
Masculinos,Hébercio
Masculinos,Héberno
Masculinos,Héberto
Masculinos,Hérculai
Masculinos,Hêrnav
Masculinos,Hídiogo
Masculinos,Hídione
Masculinos,Iagosto
Masculinos,Iaiano
Masculinos,Iaiansh
Masculinos,Ianluciel
Masculinos,Iarome
Masculinos,Iatoly
Masculinos,Ibaadar
Masculinos,Ibenel
Masculinos,Ibenes
Masculinos,Iberto
Masculinos,Ibraary
Masculinos,Ibrad
Masculinos,Ibradj
Masculinos,Ibraiann
Masculinos,Ibraimane
Masculinos,Ibrana
Masculinos,Ibranço
Masculinos,Ibrardo
Masculinos,Ibrick
Masculinos,Ibrico
Masculinos,Ibridan
Masculinos,Ideni
Masculinos,Idenne
Masculinos,Idiam
Masculinos,Idijezzy
Masculinos,Idric
Masculinos,Idrice
Masculinos,Idriil
Masculinos,Idrik
Masculinos,Idrin
Masculinos,Idro
Masculinos,Iegonza
Masculinos,Iegonçalo
Masculinos,Ifesig
Masculinos,Ifesin
Masculinos,Ifesino
Masculinos,Ifesio
Masculinos,Ignazar
Masculinos,Ignaziz
Masculinos,Igne
Masculinos,Igner
Masculinos,Igorio
Masculinos,Ikarance
Masculinos,Ikarsh
Masculinos,Ikelin
Masculinos,Ikell
Masculinos,Ikelvis
Masculinos,Iladir
Masculinos,Iladu
Masculinos,Ilaimy
Masculinos,Ilderr
Masculinos,Ildfre
Masculinos,Iliamik
Masculinos,Ilippe
Masculinos,Illiano
Masculinos,Ilyanelju
Masculinos,Ilyanique
Masculinos,Ilyansh
Masculinos,Ilídiogo
Masculinos,Imranael
Masculinos,Imrandrés
Masculinos,Imranjo
Masculinos,Infan
Masculinos,Infano
Masculinos,Ioanney
Masculinos,Ionino
Masculinos,Ionio
Masculinos,Iqyando
Masculinos,Iqyanne
Masculinos,Iranço
Masculinos,Irati
Masculinos,Irilon
Masculinos,Isaacky
Masculinos,Isaadi
Masculinos,Isacharber
Masculinos,Isachid
Masculinos,Isackery
Masculinos,Isaelson
Masculinos,Isakin
Masculinos,Isakir
Masculinos,Isaleb
Masculinos,Isalão
Masculinos,Isandrey
Masculinos,Isandriel
Masculinos,Isanni
Masculinos,Isante
Masculinos,Isaquiano
Masculinos,Isaquin
Masculinos,Ishabaj
Masculinos,Ishamy
Masculinos,Ishmann
Masculinos,Isidaym
Masculinos,Isiário
Masculinos,Ismang
Masculinos,Ismartí
Masculinos,Ismim
Masculinos,Ismitru
Masculinos,Ismman
Masculinos,Ismmanu
Masculinos,Ismmashlok
Masculinos,Israje
Masculinos,Issambir
Masculinos,Issamiré
Masculinos,Issanas
Masculinos,Issano
Masculinos,Issanton
Masculinos,Issei
Masculinos,Isselmo
Masculinos,Isson
Masculinos,Iteron
Masculinos,Itieggo
Masculinos,Itienny
Masculinos,Iuliel
Masculinos,Iulison
Masculinos,Iunus
Masculinos,Iurich
Masculinos,Iurilter
Masculinos,Iurins
Masculinos,Ivakrit
Masculinos,Ivalam
Masculinos,Ivalix
Masculinos,Ivansão
Masculinos,Ivanyu
Masculinos,Ivenan
Masculinos,Iverickson
Masculinos,Ivero
Masculinos,Iyaniel
Masculinos,Izando
Masculinos,Jabias
Masculinos,Jabiladj
Masculinos,Jacesco
Masculinos,Jacesller
Masculinos,Jacesário
Masculinos,Jaciner
Masculinos,Jackel
Masculinos,Jackiluaniel
Masculinos,Jadenício
Masculinos,Jadestem
Masculinos,Jadimitri
Masculinos,Jadione
Masculinos,Jaello
Masculinos,Jahmeer
Masculinos,Jaidenny
Masculinos,Jailang
Masculinos,Jailey
Masculinos,Jairth
Masculinos,Jairya
Masculinos,Jaksii
Masculinos,Jaksimo
Masculinos,Jaksimão
Masculinos,Jamilan
Masculinos,Jamini
Masculinos,Jamílio
Masculinos,Jangélio
Masculinos,Janiam
Masculinos,Janique
Masculinos,Jaquerat
Masculinos,Jarea
Masculinos,Jareed
Masculinos,Jareet
Masculinos,Jareev
Masculinos,Jarias
Masculinos,Jarieel
Masculinos,Jaromairo
Masculinos,Jaskarik
Masculinos,Jaskarlos
Masculinos,Jasmo
Masculinos,Jasparman
Masculinos,Jaspartí
Masculinos,Jasrael
Masculinos,Jassa
Masculinos,Jasseh
Masculinos,Jassian
Masculinos,Jasvir
Masculinos,Jasviri
Masculinos,Jasvirilo
Masculinos,Javides
Masculinos,Javij
Masculinos,Javik
Masculinos,Jawanis
Masculinos,Jaydane
Masculinos,Jaydenan
Masculinos,Jaylorené
Masculinos,Jaynilain
Masculinos,Jaynildy
Masculinos,Jayronath
Masculinos,Jayronay
Masculinos,Jayrto
Masculinos,Jayrtoly
Masculinos,Jaysergiy
Masculinos,Jefern
Masculinos,Jeffernan
Masculinos,Jeffreden
Masculinos,Jeffreet
Masculinos,Jeiseder
Masculinos,Jeks
Masculinos,Jeksando
Masculinos,Jeksano
Masculinos,Jeksey
Masculinos,Jekssi
Masculinos,Jelar
Masculinos,Jer
Masculinos,Jereg
Masculinos,Jeregan
Masculinos,Jeremiano
Masculinos,Jeremuel
Masculinos,Jerics
Masculinos,Jerins
Masculinos,Jerónis
Masculinos,Jerónish
Masculinos,Jessemo
Masculinos,Jestefan
Masculinos,Jestepan
Masculinos,Jesuarte
Masculinos,Jevanni
Masculinos,Jewill
Masculinos,Jheihou
Masculinos,Jheil
Masculinos,Jheiton
Masculinos,Jhonay
Masculinos,Jhonim
Masculinos,Jhonimo
Masculinos,Jhonis
Masculinos,Jhony
Masculinos,Jiamed
Masculinos,Jiamir
Masculinos,Jianil
Masculinos,Jianoe
Masculinos,Jinder
Masculinos,Jindor
Masculinos,Jinick
Masculinos,Jinico
Masculinos,Jinizario
Masculinos,Jivreece
Masculinos,Jiyank
Masculinos,Joachido
Masculinos,Joaques
Masculinos,Joaquiel
Masculinos,Jofrede
Masculinos,Jofreden
Masculinos,Jofredo
Masculinos,Johame
Masculinos,Johamim
Masculinos,Johenzó
Masculinos,Johnner
Masculinos,Jolicah
Masculinos,Jonaksh
Masculinos,Jonarcio
Masculinos,Jonard
Masculinos,Jonardo
Masculinos,Jonarsh
Masculinos,Jonastián
Masculinos,Jonatani
Masculinos,Jonatanth
Masculinos,Jonathiago
Masculinos,Jonatol
Masculinos,Jonaton
Masculinos,Jonso
Masculinos,Jonstan
Masculinos,Jordanis
Masculinos,Jordima
Masculinos,Jorgilmar
Masculinos,Josebani
Masculinos,Joseppe
Masculinos,Joshaant
Masculinos,Joshil
Masculinos,Joshin
Masculinos,Joshuber
Masculinos,Josilvin
Masculinos,Josim
Masculinos,Josinaldo
Masculinos,Josir
Masculinos,Josiraje
Masculinos,Josiru
Masculinos,Jossa
Masculinos,Jossan
Masculinos,Jostião
Masculinos,Jostym
Masculinos,Joub
Masculinos,Jouba
Masculinos,Joubem
Masculinos,Joviaan
Masculinos,Jovico
Masculinos,Jovis
Masculinos,Joyalan
Masculinos,Juangos
Masculinos,Juciandré
Masculinos,Jucili
Masculinos,Jucilídio
Masculinos,Judevin
Masculinos,Juelan
Masculinos,Juelme
Masculinos,Juelmo
Masculinos,Juleid
Masculinos,Julemuel
Masculinos,Juleyton
Masculinos,Juliabe
Masculinos,Juliezi
Masculinos,Juliott
Masculinos,Julisak
Masculinos,Juliseu
Masculinos,Julison
Masculinos,Junaine
Masculinos,Junaldo
Masculinos,Junay
Masculinos,Justali
Masculinos,Justavis
Masculinos,Justiaan
Masculinos,Justias
Masculinos,Justovão
Masculinos,Justtav
Masculinos,Juven
Masculinos,Juvensh
Masculinos,Jyank
Masculinos,Jónish
Masculinos,Júdiou
Masculinos,Júdioumar
Masculinos,Kabias
Masculinos,Kabilai
Masculinos,Kahelmo
Masculinos,Kahermès
Masculinos,Kahibo
Masculinos,Kahibur
Masculinos,Kahilio
Masculinos,Kahimane
Masculinos,Kahimanuel
Masculinos,Kaidas
Masculinos,Kailter
Masculinos,Kailzen
Masculinos,Kaleksii
Masculinos,Kalenyel
Masculinos,Kalenzi
Masculinos,Kaleydil
Masculinos,Kalien
Masculinos,Kalim
Masculinos,Kaliy
Masculinos,Kaliyaar
Masculinos,Kanylor
Masculinos,Kareas
Masculinos,Kareeve
Masculinos,Karias
Masculinos,Kariat
Masculinos,Karlino
Masculinos,Karnes
Masculinos,Karonio
Masculinos,Karunato
Masculinos,Karunio
Masculinos,Karutierry
Masculinos,Karyaan
Masculinos,Kaspim
Masculinos,Kavelas
Masculinos,Kawamir
Masculinos,Kaward
Masculinos,Kayconné
Masculinos,Kaydanis
Masculinos,Kayelio
Masculinos,Kaykelson
Masculinos,Kaylenne
Masculinos,Kaylore
Masculinos,Kayosh
Masculinos,Kayous
Masculinos,Kazukian
Masculinos,Keandru
Masculinos,Keanuel
Masculinos,Keideni
Masculinos,Keiseu
Masculinos,Keiyarino
Masculinos,Kejandrico
Masculinos,Kejandro
Masculinos,Kejanye
Masculinos,Kelchi
Masculinos,Kellas
Masculinos,Kelliab
Masculinos,Kelliano
Masculinos,Kelmir
Masculinos,Kelvindo
Masculinos,Kemeryk
Masculinos,Kemeson
Masculinos,Kendariany
Masculinos,Kendavio
Masculinos,Kendreas
Masculinos,Kendrien
Masculinos,Kendrés
Masculinos,Kenelo
Masculinos,Kenestino
Masculinos,Keng-He
Masculinos,Kennish
Masculinos,Kensam
Masculinos,Kensame
Masculinos,Kenzelan
Masculinos,Kevanneth
Masculinos,Kevanni
Masculinos,Kevenanian
Masculinos,Keviani
Masculinos,Keviano
Masculinos,Kevilip
Masculinos,Kevilippe
Masculinos,Kevincent
Masculinos,Kevique
Masculinos,Keyaniel
Masculinos,Keyanis
Masculinos,Keyanton
Masculinos,Keydanil
Masculinos,Keydyan
Masculinos,Keylone
Masculinos,Keyuran
Masculinos,Keyuriel
Masculinos,Keyurik
Masculinos,Keyussandr
Masculinos,Khad
Masculinos,Khaelsa
Masculinos,Khaian
Masculinos,Khailson
Masculinos,Khalexey
Masculinos,Khaleão
Masculinos,Khalino
Masculinos,Khalison
Masculinos,Khalixto
Masculinos,Khallan
Masculinos,Khaly
Masculinos,Khanic
Masculinos,Khridan
Masculinos,Khristo
Masculinos,Khristão
Masculinos,Khriyann
Masculinos,Khroro
Masculinos,Khrorovy
Masculinos,Khéldembó
Masculinos,Kiamaden
Masculinos,Kiaman
Masculinos,Kiamyog
Masculinos,Kiandi
Masculinos,Kiandr
Masculinos,Kiandreo
Masculinos,Kiandão
Masculinos,Kiareth
Masculinos,Kiariaan
Masculinos,Kiariel
Masculinos,Kiarles
Masculinos,Kiarley
Masculinos,Kiarlino
Masculinos,Kiarold
Masculinos,Kiaryan
Masculinos,Kienne
Masculinos,Kiezer
Masculinos,Kikolan
Masculinos,Kikolo
Masculinos,Kimanav
Masculinos,Kimarcan
Masculinos,Kimaso
Masculinos,Kimofe
Masculinos,Kimofiy
Masculinos,Kimoter
Masculinos,Kineu
Masculinos,Kirist
Masculinos,Kirth
Masculinos,Kirthur
Masculinos,Kissei
Masculinos,Kisser
Masculinos,Kisson
Masculinos,Kiyadi
Masculinos,Kledin
Masculinos,Kledini
Masculinos,Kleyman
Masculinos,Kliman
Masculinos,Klimo
Masculinos,Klimur
Masculinos,Klimuri
Masculinos,Klisaan
Masculinos,Klisaki
Masculinos,Kliss
Masculinos,Klisse
Masculinos,Kléberton
Masculinos,Kobernel
Masculinos,Konse
Masculinos,Konso
Masculinos,Kostián
Masculinos,Kosto
Masculinos,Kostym
Masculinos,Krislav
Masculinos,Krislay
Masculinos,Krisley
Masculinos,Kristiel
Masculinos,Kristier
Masculinos,Kristonim
Masculinos,Kristódiné
Masculinos,Kritie
Masculinos,Kritien
Masculinos,Kritse
Masculinos,Kritviy
Masculinos,Kunaido
Masculinos,Kunain
Masculinos,Kunaldo
Masculinos,Kunayam
Masculinos,Kunchola
Masculinos,Kushafael
Masculinos,Kushan
Masculinos,Kushmim
Masculinos,Kwamir
Masculinos,Kwelloney
Masculinos,Kweng-Her
Masculinos,Kyariane
Masculinos,Kylene
Masculinos,Kylento
Masculinos,Kymanav
Masculinos,Kymanish
Masculinos,Kymanraj
Masculinos,Kyrich
Masculinos,Kyrick
Masculinos,Kyrickas
Masculinos,Kério
Masculinos,Kérione
Masculinos,Késmener
Masculinos,Kévaniam
Masculinos,Kévanii
Masculinos,Lamademi
Masculinos,Lanyr
Masculinos,Lapold
Masculinos,Lapoldo
Masculinos,Lapolian
Masculinos,Larieel
Masculinos,Lasque
Masculinos,Laudi
Masculinos,Lauriel
Masculinos,Lauril
Masculinos,Laustaviano
Masculinos,Lawreno
Masculinos,Lawrenzi
Masculinos,Lawrenzó
Masculinos,Lazariany
Masculinos,Leanuelson
Masculinos,Leanus
Masculinos,Leanyu
Masculinos,Lecsan
Masculinos,Ledini
Masculinos,Ledivaan
Masculinos,Ledivya
Masculinos,Leidane
Masculinos,Leisei
Masculinos,Leitai
Masculinos,Lemanu
Masculinos,Lemussá
Masculinos,Lenes
Masculinos,Lenikit
Masculinos,Lennyel
Masculinos,Lente
Masculinos,Lenteg
Masculinos,Lentej
Masculinos,Lentur
Masculinos,Leodolf
Masculinos,Leodorio
Masculinos,Leodval
Masculinos,Leonaide
Masculinos,Leonancho
Masculinos,Leoniano
Masculinos,Leonth
Masculinos,Leontian
Masculinos,Letiago
Masculinos,Letieggo
Masculinos,Letier
Masculinos,Leventur
Masculinos,Levictor
Masculinos,Lewilley
Masculinos,Lhyamil
Masculinos,Liben
Masculinos,Libene
Masculinos,Libennys
Masculinos,Libert
Masculinos,Licaiel
Masculinos,Licolav
Masculinos,Liedsann
Masculinos,Liezandr
Masculinos,Lijahman
Masculinos,Lijoywin
Masculinos,Lijoywinder
Masculinos,Lileu
Masculinos,Lintin
Masculinos,Lirish
Masculinos,Liristymon
Masculinos,Lisachi
Masculinos,Lisakin
Masculinos,Lisber
Masculinos,Lisbert
Masculinos,Lisberto
Masculinos,Lises
Masculinos,Lisming
Masculinos,Lismmas
Masculinos,Liwil
Masculinos,Liwillan
Masculinos,Loanys
Masculinos,Logandriano
Masculinos,Lohameep
Masculinos,Lohamy
Masculinos,Lohamzy
Masculinos,Lohanico
Masculinos,Lopolino
Masculinos,Lopoloz
Masculinos,Lorente
Masculinos,Lores
Masculinos,Lorese
Masculinos,Loriat
Masculinos,Lorieel
Masculinos,Loriil
Masculinos,Loualdo
Masculinos,Louctavo
Masculinos,Louisack
Masculinos,Loureo
Masculinos,Loviaan
Masculinos,Lovian
Masculinos,Lualdo
Masculinos,Lualtaydon
Masculinos,Lualterr
Masculinos,Luangel
Masculinos,Luathan
Masculinos,Luatheok
Masculinos,Luathys
Masculinos,Luatibin
Masculinos,Luatino
Masculinos,Luatiss
Masculinos,Luatyan
Masculinos,Lucadi
Masculinos,Lucadio
Masculinos,Lucadrist
Masculinos,Lucastin
Masculinos,Luccarley
Masculinos,Luckael
Masculinos,Ludon
Masculinos,Luisaac
Masculinos,Luisael
Masculinos,Luisei
Masculinos,Luiseias
Masculinos,Luizari
Masculinos,Luizedec
Masculinos,Luizen
Masculinos,Luizio
Masculinos,Lukaspar
Masculinos,Lukendjoe
Masculinos,Lukenzo
Masculinos,Lukenzzo
Masculinos,Luqmanus
Masculinos,Lusseh
Masculinos,Lussnai
Masculinos,Luvik
Masculinos,Lwahaba
Masculinos,Lwahad
Masculinos,Lwahamsir
Masculinos,Lwahan
Masculinos,Lyaad
Masculinos,Lyaar
Masculinos,Lyamil
Masculinos,Lyamião
Masculinos,Lyanton
Masculinos,Lyricco
Masculinos,Lysson
Masculinos,Lázariu
Masculinos,Léandel
Masculinos,Léonato
Masculinos,Léontha
Masculinos,M'ham
Masculinos,Maant
Masculinos,Maatig
Masculinos,Macarlos
Masculinos,Macarpo
Masculinos,Macbeton
Masculinos,Macbetoni
Masculinos,Macindo
Masculinos,Maddal
Masculinos,Madeny
Masculinos,Madonit
Masculinos,Madonno
Masculinos,Maelane
Masculinos,Maelar
Masculinos,Magnus
Masculinos,Mahaba
Masculinos,Mahadjer
Masculinos,Mahamali
Masculinos,Mahami
Masculinos,Mahane
Masculinos,Mahanny
Masculinos,Maheem
Masculinos,Maheliano
Masculinos,Mahelão
Masculinos,Mahinamar
Masculinos,Mahomar
Masculinos,Mahomaro
Masculinos,Mahomás
Masculinos,Mahomáz
Masculinos,Maich
Masculinos,Maichi
Masculinos,Maikelvyn
Masculinos,Mailandro
Masculinos,Mailzenis
Masculinos,Mairth
Masculinos,Mairyan
Masculinos,Maishaq
Masculinos,Maishmadú
Masculinos,Makarav
Masculinos,Makayel
Masculinos,Makayous
Masculinos,Makayson
Masculinos,Makshest
Masculinos,Makshinaman
Masculinos,Makshir
Masculinos,Maksimon
Masculinos,Malaimy
Masculinos,Malander
Masculinos,Malandrs
Masculinos,Malaquin
Masculinos,Malasse
Masculinos,Malcarpo
Masculinos,Malcolay
Masculinos,Maldio
Masculinos,Malidil
Masculinos,Malidilson
Masculinos,Malingos
Masculinos,Malvaidy
Masculinos,Mamane
Masculinos,Mamann
Masculinos,Mamano
Masculinos,Mamarir
Masculinos,Mamarkus
Masculinos,Mamartis
Masculinos,Mandr
Masculinos,Mandrik
Masculinos,Manique
Masculinos,Manjh
Masculinos,Mannedi
Masculinos,Manney
Masculinos,Manphich
Masculinos,Manphil
Masculinos,Manphilian
Masculinos,Manpres
Masculinos,Marando
Masculinos,Marberto
Masculinos,Marcanfa
Masculinos,Marceles
Masculinos,Marcizion
Masculinos,Marianyfá
Masculinos,Mariner
Masculinos,Maritviy
Masculinos,Markelson
Masculinos,Markir
Masculinos,Markirth
Masculinos,Marlesine
Masculinos,Marleydson
Masculinos,Maroméo
Masculinos,Marstevan
Masculinos,Marstevão
Masculinos,Martiméo
Masculinos,Maruslav
Masculinos,Maryancy
Masculinos,Mashaq
Masculinos,Mateodor
Masculinos,Mateson
Masculinos,Mathal
Masculinos,Mathane
Masculinos,Mathani
Masculinos,Mathanir
Masculinos,Mathaz
Masculinos,Mathino
Masculinos,Mathosh
Masculinos,Matiago
Masculinos,Matteodor
Masculinos,Matthino
Masculinos,Mattiago
Masculinos,Mattiansh
Masculinos,Mattianye
Masculinos,Matush
Masculinos,Matushman
Masculinos,Matílion
Masculinos,Matíssemo
Masculinos,Maurams
Masculinos,Maurenzó
Masculinos,Maurick
Masculinos,Maximilo
Masculinos,Maximiou
Masculinos,Maximiraj
Masculinos,Maximotei
Masculinos,Maylaimeo
Masculinos,Maylaimy
Masculinos,Maylain
Masculinos,Mayloren
Masculinos,Maylori
Masculinos,Mayronak
Masculinos,Mckelin
Masculinos,Mckeny
Masculinos,Mcker
Masculinos,Mckery
Masculinos,Mehanshi
Masculinos,Melquel
Masculinos,Melquer
Masculinos,Melquias
Masculinos,Melquiel
Masculinos,Mender
Masculinos,Menezek
Masculinos,Menton
Masculinos,Mericol
Masculinos,Merycy
Masculinos,Mesandal
Masculinos,Mesaúl
Masculinos,Micaedan
Masculinos,Micaedany
Masculinos,Micaetan
Masculinos,Micaileu
Masculinos,Micairo
Masculinos,Micard
Masculinos,Micarone
Masculinos,Michane
Masculinos,Michanii
Masculinos,Micheid
Masculinos,Michelão
Masculinos,Micheng
Masculinos,Michenryk
Masculinos,Micheodore
Masculinos,Michesto
Masculinos,Michi
Masculinos,Michid
Masculinos,Michie
Masculinos,Michier
Masculinos,Michiza
Masculinos,Micho
Masculinos,Michola
Masculinos,Michua
Masculinos,Miguelmo
Masculinos,Miguelson
Masculinos,Miguentyan
Masculinos,Mihairo
Masculinos,Mihairon
Masculinos,Mihalid
Masculinos,Mihalio
Masculinos,Mikaras
Masculinos,Mikaron
Masculinos,Mikartim
Masculinos,Mikello
Masculinos,Mikhauã
Masculinos,Mikhou
Masculinos,Milien
Masculinos,Mindoni
Masculinos,Mingos
Masculinos,Minizar
Masculinos,Mique
Masculinos,Miques
Masculinos,Miqueu
Masculinos,Mirancio
Masculinos,Mirestêvão
Masculinos,Mirossa
Masculinos,Misaack
Masculinos,Misalão
Masculinos,Misanay
Masculinos,Mizaro
Masculinos,Modriano
Masculinos,Modriel
Masculinos,Modrik
Masculinos,Moham
Masculinos,Mohameet
Masculinos,Mohami
Masculinos,Mohammo
Masculinos,Mohamyog
Masculinos,Mohamzy
Masculinos,Mohanas
Masculinos,Mohanay
Masculinos,Mohani
Masculinos,Mohanie
Masculinos,Mohanish
Masculinos,Mohanys
Masculinos,Mohkam
Masculinos,Mohkamjot
Masculinos,Mois
Masculinos,Monds
Masculinos,Moniny
Masculinos,Monjo
Masculinos,Montil
Masculinos,Morgius
Masculinos,Morias
Masculinos,Morii
Masculinos,Mouham
Masculinos,Mouhameer
Masculinos,Mouhamesh
Masculinos,Muamadion
Masculinos,Muaman
Masculinos,Muameet
Masculinos,Muba
Masculinos,Mufaddox
Masculinos,Muham
Masculinos,Muhamael
Masculinos,Muhamalav
Masculinos,Muhamane
Masculinos,Muhammo
Masculinos,Muhams
Masculinos,Muhamy
Masculinos,Muhamza
Masculinos,Muhamzah
Masculinos,Muhibo
Masculinos,Muizio
Masculinos,Mulo
Masculinos,Murin
Masculinos,Murtan
Masculinos,Murtav
Masculinos,Mus
Masculinos,Mussaide
Masculinos,Mussnai
Masculinos,Mustano
Masculinos,Mustavids
Masculinos,Mustiago
Masculinos,Mustian
Masculinos,Mustiny
Masculinos,Muston
Masculinos,Musttav
Masculinos,Mustyan
Masculinos,Mutaria
Masculinos,Mutarias
Masculinos,Muzamer
Masculinos,Mycheok
Masculinos,Mykaido
Masculinos,Mykhad
Masculinos,Mykhailan
Masculinos,Mykhali
Masculinos,Mykhaliu
Masculinos,Mykhalli
Masculinos,Mykhan
Masculinos,Máximir
Masculinos,Máximit
Masculinos,Naeemiel
Masculinos,Nael-Con
Masculinos,Naerio
Masculinos,Naftalhad
Masculinos,Najidas
Masculinos,Namadolfonst
Masculinos,Namond
Masculinos,Namor
Masculinos,Namorio
Masculinos,Nanique
Masculinos,Narcell
Masculinos,Nardi
Masculinos,Nardo
Masculinos,Narios
Masculinos,Narioshua
Masculinos,Narsher
Masculinos,Nassim
Masculinos,Natanley
Masculinos,Natasahib
Masculinos,Nathanny
Masculinos,Nathew
Masculinos,Nathiago
Masculinos,Natony
Masculinos,Nator
Masculinos,Natorenzi
Masculinos,Natorian
Masculinos,Navroormo
Masculinos,Nawade
Masculinos,Naward
Masculinos,Nectar
Masculinos,Nedymarte
Masculinos,Nedynik
Masculinos,Nedyson
Masculinos,Neemir
Masculinos,Neevem
Masculinos,Neeydan
Masculinos,Neeydy
Masculinos,Neidar
Masculinos,Neiven
Masculinos,Neivik
Masculinos,Neiviu
Masculinos,Nelju
Masculinos,Nelkanni
Masculinos,Neloizia
Masculinos,Neloya
Masculinos,Neriano
Masculinos,Nevanis
Masculinos,Nevansh
Masculinos,Nevanyr
Masculinos,Nezek
Masculinos,Nezeke
Masculinos,Nezzy
Masculinos,Nialix
Masculinos,Niccass
Masculinos,Nichadj
Masculinos,Nichaly
Masculinos,Nicharn
Masculinos,Nicher
Masculinos,Nichua
Masculinos,Nicianiel
Masculinos,Nicianno
Masculinos,Nicker
Masculinos,Nicodemanni
Masculinos,Nicodemil
Masculinos,Nicolávio
Masculinos,Niconso
Masculinos,Nidhaidó
Masculinos,Nidhake
Masculinos,Nidhavid
Masculinos,Nidhiro
Masculinos,Nihaid
Masculinos,Nihaliy
Masculinos,Nik-Nik
Masculinos,Niklaume
Masculinos,Nikolaume
Masculinos,Nikolomed
Masculinos,Ninercio
Masculinos,Nirador
Masculinos,Niranço
Masculinos,Nirmik
Masculinos,Nithin
Masculinos,Nivalex
Masculinos,Nivam
Masculinos,Nivanyel
Masculinos,Nolaye
Masculinos,Norbelmo
Masculinos,Norber
Masculinos,Ntim-Yan
Masculinos,Ntinico
Masculinos,Nuelme
Masculinos,Nuelmo
Masculinos,Nurick
Masculinos,Nurikell
Masculinos,Nurino
Masculinos,Nándonai
Masculinos,Nícius
Masculinos,Obian
Masculinos,Obino
Masculinos,Oceandro
Masculinos,Oceanyu
Masculinos,Octar
Masculinos,Octartim
Masculinos,Odinaldo
Masculinos,Odinav
Masculinos,Odinni
Masculinos,Odiso
Masculinos,Odison
Masculinos,Odiss
Masculinos,Odissa
Masculinos,Oeslam
Masculinos,Oeslav
Masculinos,Oesller
Masculinos,Ofei
Masculinos,Ofeliel
Masculinos,Oierno
Masculinos,Oieroan
Masculinos,Oleksan
Masculinos,Olekssim
Masculinos,Olekssine
Masculinos,Olekssio
Masculinos,Oliandr
Masculinos,Oliansel
Masculinos,Olick
Masculinos,Olico
Masculinos,Olualimuril
Masculinos,Olás
Masculinos,Omalavo
Masculinos,Omalcolaj
Masculinos,Omanesh
Masculinos,Omango
Masculinos,Omany
Masculinos,Ombo
Masculinos,Ombomyr
Masculinos,Omerilo
Masculinos,Omessina
Masculinos,Onal
Masculinos,Onandro
Masculinos,Onarco
Masculinos,Onatana
Masculinos,Onathomás
Masculinos,Onato
Masculinos,Onnoor
Masculinos,Onovany
Masculinos,Orence
Masculinos,Orente
Masculinos,Orentig
Masculinos,Orenton
Masculinos,Orenço
Masculinos,Orielson
Masculinos,Orindo
Masculinos,Orlan
Masculinos,Orlandre
Masculinos,Orlang
Masculinos,Orlangel
Masculinos,Oscoal
Masculinos,Osebani
Masculinos,Osef
Masculinos,Osemer
Masculinos,Osemo
Masculinos,Osimotei
Masculinos,Osiru
Masculinos,Oskaryan
Masculinos,Osmanth
Masculinos,Osmim
Masculinos,Osmini
Masculinos,Osmitali
Masculinos,Osval
Masculinos,Osvalex
Masculinos,Otav
Masculinos,Otavy
Masculinos,Otavyas
Masculinos,Otchad
Masculinos,Otches
Masculinos,Ouard
Masculinos,Oumahim
Masculinos,Ouson
Masculinos,Ousses
Masculinos,Owendar
Masculinos,Owendjo
Masculinos,Owendo
Masculinos,Panassy
Masculinos,Pandio
Masculinos,Pandru
Masculinos,Panter
Masculinos,Pantin
Masculinos,Pantino
Masculinos,Pantveer
Masculinos,Papa-Ndio
Masculinos,Pardo
Masculinos,Parmin
Masculinos,Pascott
Masculinos,Patre
Masculinos,Patrevor
Masculinos,Patrey
Masculinos,Patriil
Masculinos,Patrist
Masculinos,Paul-Ales
Masculinos,Paulaine
Masculinos,Paulano
Masculinos,Pawamesse
Masculinos,Pawami
Masculinos,Pawardo
Masculinos,Pawareet
Masculinos,Pedrian
Masculinos,Pedriel
Masculinos,Pedrii
Masculinos,Petelia
Masculinos,Petelvim
Masculinos,Petelvin
Masculinos,Petelvio
Masculinos,Petelvy
Masculinos,Petelvyn
Masculinos,Petrevon
Masculinos,Petrevor
Masculinos,Petrey
Masculinos,Phich
Masculinos,Phichi
Masculinos,Phichit
Masculinos,Phicolás
Masculinos,Phil
Masculinos,Philian
Masculinos,Phill
Masculinos,Phillak's
Masculinos,Phillenys
Masculinos,Phillyan
Masculinos,Pietrevon
Masculinos,Pietrevor
Masculinos,Piyussá
Masculinos,Plati
Masculinos,Platian
Masculinos,Platis
Masculinos,Platori
Masculinos,Plínichit
Masculinos,Pold
Masculinos,Poldo
Masculinos,Polomão
Masculinos,Prabh
Masculinos,Prabhin
Masculinos,Prabhiy
Masculinos,Praki
Masculinos,Prakiraj
Masculinos,Prakristo
Masculinos,Pranael
Masculinos,Prancho
Masculinos,Prancio
Masculinos,Prandrick
Masculinos,Prandro
Masculinos,Pranias
Masculinos,Pranjot
Masculinos,Pranço
Masculinos,Pras
Masculinos,Prassef
Masculinos,Prassio
Masculinos,Prat
Masculinos,Pratian
Masculinos,Pratime
Masculinos,Pratimo
Masculinos,Pratino
Masculinos,Prato
Masculinos,Pratol
Masculinos,Prator
Masculinos,Premuelmer
Masculinos,Prestevão
Masculinos,Prianes
Masculinos,Pring
Masculinos,Prino
Masculinos,Prisher
Masculinos,Pristini
Masculinos,Prito
Masculinos,Pritor
Masculinos,Priy
Masculinos,Priyaan
Masculinos,Prudias
Masculinos,Prudênis
Masculinos,Puramido
Masculinos,Purana
Masculinos,Puravya
Masculinos,Purayn
Masculinos,Páriosh
Masculinos,Pávelan
Masculinos,Pávelio
Masculinos,Páveliss
Masculinos,Pérics
Masculinos,Périosh
Masculinos,Périto
Masculinos,Qasilan
Masculinos,Qasilen
Masculinos,Queias
Masculinos,Quias
Masculinos,Quiel
Masculinos,Quinton
Masculinos,Quizio
Masculinos,Rachita
Masculinos,Rackaro
Masculinos,Radjeyv
Masculinos,Rador
Masculinos,Rafano
Masculinos,Rafayam
Masculinos,Rafayan
Masculinos,Rafayane
Masculinos,Rafirman
Masculinos,Rahadio
Masculinos,Rahamy
Masculinos,Rahamza
Masculinos,Rahibo
Masculinos,Rahimani
Masculinos,Rahmades
Masculinos,Rahmadú
Masculinos,Raias
Masculinos,Raimuril
Masculinos,Raiylor
Masculinos,Rajviriano
Masculinos,Rakine
Masculinos,Raldim
Masculinos,Ramalcio
Masculinos,Ramanus
Masculinos,Ramilson
Masculinos,Ramirené
Masculinos,Ramjit
Masculinos,Ramjot
Masculinos,Rapha
Masculinos,Rardo
Masculinos,Rareet
Masculinos,Rayandro
Masculinos,Rayhanyr
Masculinos,Rayirton
Masculinos,Raylonstaf
Masculinos,Raym
Masculinos,Raymie
Masculinos,Rayyantien
Masculinos,Regaloy
Masculinos,Regaly
Masculinos,Regaspard
Masculinos,Rehansh
Masculinos,Reinal
Masculinos,Reinard
Masculinos,Reinaí
Masculinos,Remias
Masculinos,Remien
Masculinos,Remilo
Masculinos,Renathan
Masculinos,Rencero
Masculinos,Rentej
Masculinos,Rentins
Masculinos,Renton
Masculinos,Rentur
Masculinos,Renziel
Masculinos,Reuriel
Masculinos,Reurii
Masculinos,Reurik
Masculinos,Reyansh
Masculinos,Rhyadie
Masculinos,Rhyami
Masculinos,Rhyanio
Masculinos,Ricar
Masculinos,Richalin
Masculinos,Richit
Masculinos,Rician
Masculinos,Ricledir
Masculinos,Ricolai
Masculinos,Ricoln
Masculinos,Ridanico
Masculinos,Ridari
Masculinos,Ridhir
Masculinos,Rikery
Masculinos,Rikh
Masculinos,Rioniano
Masculinos,Riquelson
Masculinos,Riquen
Masculinos,Riques
Masculinos,Riqueu
Masculinos,Risse
Masculinos,Ristafá
Masculinos,Risto
Masculinos,Ritareak
Masculinos,Ritaro
Masculinos,Ritie
Masculinos,Ritier
Masculinos,Ritson
Masculinos,Riyadem
Masculinos,Riyalas
Masculinos,Riyanko
Masculinos,Riyario
Masculinos,Robernes
Masculinos,Robertson
Masculinos,Roccolay
Masculinos,Rodorie
Masculinos,Rodoro
Masculinos,Rodria
Masculinos,Rodrick
Masculinos,Rodriyan
Masculinos,Rogerson
Masculinos,Rojerek
Masculinos,Rojeryk
Masculinos,Rojeróni
Masculinos,Rold
Masculinos,Roldo
Masculinos,Rollah
Masculinos,Rollakeem
Masculinos,Rollanel
Masculinos,Rollas
Masculinos,Rollaume
Masculinos,Romerson
Masculinos,Romery
Masculinos,Ronard
Masculinos,Ronasstepha
Masculinos,Ronatan
Masculinos,Ronino
Masculinos,Ronno
Masculinos,Ronné
Masculinos,Roormo
Masculinos,Roshaan
Masculinos,Roshir
Masculinos,Roshiv
Masculinos,Roshur
Masculinos,Roslav
Masculinos,Rounesh
Masculinos,Rowamino
Masculinos,Rowamir
Masculinos,Ruango
Masculinos,Rudiam
Masculinos,Rudias
Masculinos,Rudinn
Masculinos,Rudino
Masculinos,Rudiné
Masculinos,Rudrago
Masculinos,Rudrahmeer
Masculinos,Rudraví
Masculinos,Rudênis
Masculinos,Rudênish
Masculinos,Rumiron
Masculinos,Runatol
Masculinos,Runayan
Masculinos,Rushaq
Masculinos,Rushit
Masculinos,Rushman
Masculinos,Rutier
Masculinos,Rutik
Masculinos,Ryanny
Masculinos,Ryanter
Masculinos,Rylaneeydson
Masculinos,Rynal
Masculinos,Rômulai
Masculinos,Rúbenjami
Masculinos,Rúbenny
Masculinos,Rüdigerick
Masculinos,Saackson
Masculinos,Sabias
Masculinos,Sadjeison
Masculinos,Sadoro
Masculinos,Safwanis
Masculinos,Sagenrik
Masculinos,Sagent
Masculinos,Sahelano
Masculinos,Sahimar
Masculinos,Saidar
Masculinos,Saidas
Masculinos,Saidaylan
Masculinos,Saidenie
Masculinos,Saidenilson
Masculinos,Saimaro
Masculinos,Saimonds
Masculinos,Saisei
Masculinos,Saises
Masculinos,Sajihullan
Masculinos,Salexsane
Masculinos,Salisman
Masculinos,Salvarias
Masculinos,Salvarius
Masculinos,Salvaros
Masculinos,Salvato
Masculinos,Salvish
Masculinos,Salérion
Masculinos,Salérit
Masculinos,Samadoro
Masculinos,Samaladu
Masculinos,Samandre
Masculinos,Samandro
Masculinos,Samesh
Masculinos,Saminiz
Masculinos,Samiros
Masculinos,Samonds
Masculinos,Samsiru
Masculinos,Samuelmo
Masculinos,Sanain
Masculinos,Sanceto
Masculinos,Sandelmo
Masculinos,Sandreak
Masculinos,Sannys
Masculinos,Santhel
Masculinos,Santien
Masculinos,Santin
Masculinos,Saramoayé
Masculinos,Sarasmo
Masculinos,Sarien
Masculinos,Sariner
Masculinos,Saronan
Masculinos,Sarouardo
Masculinos,Sashaan
Masculinos,Sashiro
Masculinos,Satyane
Masculinos,Satyano
Masculinos,Saulain
Masculinos,Sauraming
Masculinos,Sauric
Masculinos,Savihal
Masculinos,Saymarif
Masculinos,Saymie
Masculinos,Scoal
Masculinos,Seandjy
Masculinos,Seandão
Masculinos,Seanuel
Masculinos,Sebane
Masculinos,Sebani
Masculinos,Sebanik
Masculinos,Sebano
Masculinos,Sebasthil
Masculinos,Secund
Masculinos,Sell
Masculinos,Sello
Masculinos,Semeryk
Masculinos,Semos
Masculinos,Senel
Masculinos,Senes
Masculinos,Seras
Masculinos,Serhiyan
Masculinos,Sericlev
Masculinos,Sesig
Masculinos,Sesino
Masculinos,Sethali
Masculinos,Sethas
Masculinos,Sevendro
Masculinos,Severson
Masculinos,Seydil
Masculinos,Shaame
Masculinos,Shabacar
Masculinos,Shabaj
Masculinos,Shabriano
Masculinos,Shafael
Masculinos,Shafee
Masculinos,Shakin
Masculinos,Shamads
Masculinos,Shammo
Masculinos,Shamzy
Masculinos,Shansh
Masculinos,Shanshi
Masculinos,Shargy
Masculinos,Sharik
Masculinos,Sharlindo
Masculinos,Sharmin
Masculinos,Sharpo
Masculinos,Sheel
Masculinos,Sheem
Masculinos,Sheemiro
Masculinos,Shilla
Masculinos,Shillah
Masculinos,Shivaan
Masculinos,Shivannys
Masculinos,Shodmon
Masculinos,Shodmond
Masculinos,Shohrave
Masculinos,Shreno
Masculinos,Shrenzo
Masculinos,Shrené
Masculinos,Shreyes
Masculinos,Shreyush
Masculinos,Shrish
Masculinos,Shuany
Masculinos,Shubem
Masculinos,Shuias
Masculinos,Shuramorii
Masculinos,Shuran
Masculinos,Shyamil
Masculinos,Shyantin
Masculinos,Sidario
Masculinos,Sidaylson
Masculinos,Sidaymon
Masculinos,Sidric
Masculinos,Siluati
Masculinos,Silves
Masculinos,Simil
Masculinos,Similan
Masculinos,Simranço
Masculinos,Sinaldo
Masculinos,Sinandr
Masculinos,Sirajbir
Masculinos,Sirank
Masculinos,Sirilter
Masculinos,Sislavi
Masculinos,Sislayron
Masculinos,Sithias
Masculinos,Sithish
Masculinos,Skylebe
Masculinos,Skyllah
Masculinos,Slamad
Masculinos,Slamador
Masculinos,Slaman
Masculinos,Slanko
Masculinos,Slav
Masculinos,Slavid
Masculinos,Smain
Masculinos,Smanno
Masculinos,Smanton
Masculinos,Sming
Masculinos,Smingo
Masculinos,Smino
Masculinos,Smitali
Masculinos,Snei
Masculinos,Sneiviu
Masculinos,Sokinan
Masculinos,Solael
Masculinos,Solaj
Masculinos,Solau
Masculinos,Solim
Masculinos,Songxianny
Masculinos,Soras
Masculinos,Sotei
Masculinos,Soterson
Masculinos,Souf
Masculinos,Soulai
Masculinos,Soumahim
Masculinos,Soumanie
Masculinos,Staf
Masculinos,Stafael
Masculinos,Stafay
Masculinos,Stalikh
Masculinos,Stalino
Masculinos,Stalio
Masculinos,Staliu
Masculinos,Stanaer
Masculinos,Stann
Masculinos,Stanny
Masculinos,Stano
Masculinos,Stantin
Masculinos,Stavi
Masculinos,Stavo
Masculinos,Stebastácio
Masculinos,Stebastão
Masculinos,Stelian
Masculinos,Stelson
Masculinos,Stem
Masculinos,Stemír
Masculinos,Stepanan
Masculinos,Stepandro
Masculinos,Stepfante
Masculinos,Steph
Masculinos,Steron
Masculinos,Stevansh
Masculinos,Steverik
Masculinos,Stevim
Masculinos,Stheus
Masculinos,Sthew
Masculinos,Sthian
Masculinos,Sthie
Masculinos,Sthin
Masculinos,Subhay
Masculinos,Sudevin
Masculinos,Sudevon
Masculinos,Sukh
Masculinos,Sukhmed
Masculinos,Sulain
Masculinos,Sulaine
Masculinos,Sulay
Masculinos,Suleid
Masculinos,Suleito
Masculinos,Sulem
Masculinos,Suley
Masculinos,Suleyson
Masculinos,Sultanav
Masculinos,Surycson
Masculinos,Svenain
Masculinos,Svenay
Masculinos,Svensh
Masculinos,Svetelmer
Masculinos,Sveter
Masculinos,Swamer
Masculinos,Swames
Masculinos,Swamile
Masculinos,Swayid
Masculinos,Swayn
Masculinos,Syeras
Masculinos,Syeriat
Masculinos,Syeridha
Masculinos,Syerryn
Masculinos,Sylvaide
Masculinos,Sylvaro
Masculinos,Sáliot
Masculinos,Sálisaías
Masculinos,Sálvini
Masculinos,Síliot
Masculinos,Sónior-He
Masculinos,Tadembo
Masculinos,Tadeury
Masculinos,Tahibo
Masculinos,Tahill
Masculinos,Tahimason
Masculinos,Tajasdair
Masculinos,Tajaspar
Masculinos,Takari
Masculinos,Takarien
Masculinos,Takaron
Masculinos,Takayden
Masculinos,Takaylain
Masculinos,Taksii
Masculinos,Taksimran
Masculinos,Talecharlo
Masculinos,Taleef
Masculinos,Talenner
Masculinos,Taleão
Masculinos,Taliben
Masculinos,Talicio
Masculinos,Talien
Masculinos,Talikhal
Masculinos,Talisael
Masculinos,Tallah
Masculinos,Taller
Masculinos,Tammadie
Masculinos,Tammano
Masculinos,Tammanu
Masculinos,Tammed
Masculinos,Tammil
Masculinos,Tamsiraj
Masculinos,Tanique
Masculinos,Tanthon
Masculinos,Tantino
Masculinos,Tantvey
Masculinos,Taradley
Masculinos,Tarani
Masculinos,Tareet
Masculinos,Tariaan
Masculinos,Taronel
Masculinos,Taroney
Masculinos,Tarto
Masculinos,Tatig
Masculinos,Tatimir
Masculinos,Tatin
Masculinos,Tatius
Masculinos,Tayrto
Masculinos,Tchad
Masculinos,Tchalino
Masculinos,Tchariy
Masculinos,Tcharko
Masculinos,Tcharn
Masculinos,Tcharo
Masculinos,Tcharper
Masculinos,Tcheiden
Masculinos,Tchelmeryk
Masculinos,Tcher
Masculinos,Tejpreet
Masculinos,Telmaran
Masculinos,Temias
Masculinos,Temiy
Masculinos,Temír
Masculinos,Teotón
Masculinos,Teroan
Masculinos,Teófiliab
Masculinos,Thasmo
Masculinos,Themer
Masculinos,Themetro
Masculinos,Themir
Masculinos,Theorgan
Masculinos,Theorge
Masculinos,Theus
Masculinos,Thian
Masculinos,Thias
Masculinos,Thier
Masculinos,Thiernes
Masculinos,Thieu
Masculinos,Thilian
Masculinos,Thillo
Masculinos,Thomaru
Masculinos,Thomaruno
Masculinos,Thomed
Masculinos,Thomário
Masculinos,Thomárvin
Masculinos,Thonak
Masculinos,Thonato
Masculinos,Thonatã
Masculinos,Thosh
Masculinos,Thoshan
Masculinos,Thoshubim
Masculinos,Tiaank
Masculinos,Tianley
Masculinos,Tibin
Masculinos,Tibino
Masculinos,Ticio
Masculinos,Tim-Yan
Masculinos,Timann
Masculinos,Timita
Masculinos,Tinsh
Masculinos,Tobiano
Masculinos,Tobino
Masculinos,Tomairyan
Masculinos,Tomaliden
Masculinos,Tomason
Masculinos,Tomeder
Masculinos,Tomery
Masculinos,Tommad
Masculinos,Tommads
Masculinos,Tommadu
Masculinos,Tomman
Masculinos,Tommaru
Masculinos,Tomárcio
Masculinos,Trancho
Masculinos,Trancio
Masculinos,Trang
Masculinos,Trani
Masculinos,Travien
Masculinos,Trichi
Masculinos,Tricio
Masculinos,Tricodem
Masculinos,Trii
Masculinos,Trike
Masculinos,Triyadiel
Masculinos,Triyarius
Masculinos,Trizion
Masculinos,Trun
Masculinos,Tselme
Masculinos,Tsvete
Masculinos,Tsvetlino
Masculinos,Tudoviann
Masculinos,Tusafez
Masculinos,Tusais
Masculinos,Tusalvin
Masculinos,Tushawn
Masculinos,Tyagos
Masculinos,Tymonds
Masculinos,Tyresig
Masculinos,Tyronatão
Masculinos,Társimile
Masculinos,Társimo
Masculinos,Túliandroshu
Masculinos,Ugustantiu
Masculinos,Ugustiaan
Masculinos,Uliamie
Masculinos,Umanus
Masculinos,Umarcan
Masculinos,Umarias
Masculinos,Umaring
Masculinos,Unaiden
Masculinos,Unalderry
Masculinos,Unally
Masculinos,Uri-Mar
Masculinos,Uriano
Masculinos,Urilton
Masculinos,Urinoor
Masculinos,Usalexand
Masculinos,Usamuelson
Masculinos,Usmainy
Masculinos,Usmanino
Masculinos,Usmanno
Masculinos,Ustavio
Masculinos,Ustide
Masculinos,Ustião
Masculinos,Ustonik
Masculinos,Ustovão
Masculinos,Usttavi
Masculinos,Uzielio
Masculinos,Vadien
Masculinos,Vadonin
Masculinos,Vaidenik
Masculinos,Valdemo
Masculinos,Valdino
Masculinos,Valebert
Masculinos,Valeef
Masculinos,Valeksancio
Masculinos,Valexand
Masculinos,Valexandão
Masculinos,Valiy
Masculinos,Valtinho
Masculinos,Valém
Masculinos,Valérick
Masculinos,Vanyr
Masculinos,Vanyu
Masculinos,Varonit
Masculinos,Vasilan
Masculinos,Vasima
Masculinos,Vasimanno
Masculinos,Vasylai
Masculinos,Veace
Masculinos,Veaceo
Masculinos,Vedanil
Masculinos,Veidaan
Masculinos,Velan
Masculinos,Venaido
Masculinos,Venain
Masculinos,Venilo
Masculinos,Venino
Masculinos,Venty
Masculinos,Ventyn
Masculinos,Veroan
Masculinos,Vianoe
Masculinos,Vicoloz
Masculinos,Vicon
Masculinos,Viconso
Masculinos,Vides
Masculinos,Vidson
Masculinos,Vierric
Masculinos,Vihalenn
Masculinos,Vihalio
Masculinos,Vikramino
Masculinos,Vileidil
Masculinos,Vileimas
Masculinos,Vilippe
Masculinos,Vince
Masculinos,Vinei
Masculinos,Vinício
Masculinos,Vipe
Masculinos,Vir
Masculinos,Virenço
Masculinos,Virgi
Masculinos,Virgio
Masculinos,Virgiy
Masculinos,Viring
Masculinos,Vish
Masculinos,Vitalex
Masculinos,Vitaller
Masculinos,Vitani
Masculinos,Vitann
Masculinos,Vitanno
Masculinos,Vitante
Masculinos,Vitarin
Masculinos,Vitaro
Masculinos,Vitoni
Masculinos,Vitony
Masculinos,Vitorai
Masculinos,Vitto
Masculinos,Vitórishi
Masculinos,Vividas
Masculinos,Vivierry
Masculinos,Vlademo
Masculinos,Vladen
Masculinos,Vlades
Masculinos,Vladeu
Masculinos,Vladio
Masculinos,Vladir
Masculinos,Vladulan
Masculinos,Vladulaí
Masculinos,Vladyson
Masculinos,Válterry
Masculinos,Válterson
Masculinos,Víctoras
Masculinos,Víktorenço
Masculinos,Víktoriel
Masculinos,Vílmarth
Masculinos,Wadeuri
Masculinos,Waideny
Masculinos,Waldero
Masculinos,Waldinico
Masculinos,Walifa
Masculinos,Walino
Masculinos,Walio
Masculinos,Waliy
Masculinos,Walla
Masculinos,Wallah
Masculinos,Wallang
Masculinos,Walld
Masculinos,Wallipe
Masculinos,Wallo
Masculinos,Wallon
Masculinos,Waltana
Masculinos,Waltas
Masculinos,Waltayo
Masculinos,Ward
Masculinos,Wardo
Masculinos,Wareet
Masculinos,Waslav
Masculinos,Wayamadú
Masculinos,Wayameer
Masculinos,Wayamir
Masculinos,Wayann
Masculinos,Wayant
Masculinos,Wayantóni
Masculinos,Wayattéo
Masculinos,Wayirto
Masculinos,Wayizando
Masculinos,Webastin
Masculinos,Wekendjo
Masculinos,Wekenzo
Masculinos,Well
Masculinos,Wellex
Masculinos,Wellin
Masculinos,Wellio
Masculinos,Wellip
Masculinos,Wellipo
Masculinos,Wellippe
Masculinos,Wello
Masculinos,Wellon
Masculinos,Wendar
Masculinos,Wendeep
Masculinos,Weslan
Masculinos,Weslav
Masculinos,Wildemo
Masculinos,Wilfreder
Masculinos,Wilfreet
Masculinos,Willino
Masculinos,Willintin
Masculinos,Williot
Masculinos,Willippo
Masculinos,Willys
Masculinos,Wilmaahil
Masculinos,Wilmaatig
Masculinos,Wilomão
Masculinos,Wilqui
Masculinos,Wilquis
Masculinos,Wilteson
Masculinos,Wincola
Masculinos,Windor
Masculinos,Wiverilton
Masculinos,Wolfonstanle
Masculinos,Wyattiago
Masculinos,Wyllas
Masculinos,Wyteron
Masculinos,Wyterry
Masculinos,Xaviktor
Masculinos,Yacio
Masculinos,Yagoziel
Masculinos,Yahyamir
Masculinos,Yairenzo
Masculinos,Yairosh
Masculinos,Yairyan
Masculinos,Yaksii
Masculinos,Yamalio
Masculinos,Yamino
Masculinos,Yamyog
Masculinos,Yandjy
Masculinos,Yandru
Masculinos,Yannedi
Masculinos,Yantino
Masculinos,Yarindon
Masculinos,Yariyad
Masculinos,Yaromé
Masculinos,Yaroor
Masculinos,Yashameep
Masculinos,Yassandrien
Masculinos,Yassayman
Masculinos,Yassemes
Masculinos,Yasshi
Masculinos,Yassias
Masculinos,Yassy
Masculinos,Yaxkinal
Masculinos,Ycarley
Masculinos,Yehos
Masculinos,Yehoshi
Masculinos,Yerang
Masculinos,Yerank
Masculinos,Yerareece
Masculinos,Yeratian
Masculinos,Yericky
Masculinos,Ygorys
Masculinos,Yidenny
Masculinos,Yiderif
Masculinos,Yiderlan
Masculinos,Ylebe
Masculinos,Ylenni
Masculinos,Ylenye
Masculinos,Yoamiro
Masculinos,Yoanyr
Masculinos,Yogyad
Masculinos,Yogyan
Masculinos,Yohammil
Masculinos,Yohamzy
Masculinos,Yohandre
Masculinos,Yohanzalon
Masculinos,Yoshil
Masculinos,Yoshin
Masculinos,Yoshur
Masculinos,Youbem
Masculinos,Yousalik
Masculinos,Youseppe
Masculinos,Youson
Masculinos,Youssa
Masculinos,Ysaal
Masculinos,Ysaan
Masculinos,Yudias
Masculinos,Yudine
Masculinos,Yuliezie
Masculinos,Yulione
Masculinos,Yulistão
Masculinos,Yuraví
Masculinos,Yuriaan
Masculinos,Yurick
Masculinos,Yurien
Masculinos,Yurindo
Masculinos,Yurycy
Masculinos,Yuvaldo
Masculinos,Yuvrang
Masculinos,Yvent
Masculinos,Yvestoni
Masculinos,Zacardo
Masculinos,Zacarlyn
Masculinos,Zacarpo
Masculinos,Zachad
Masculinos,Zachadi
Masculinos,Zacharley
Masculinos,Zacharpit
Masculinos,Zachian
Masculinos,Zachier
Masculinos,Zachim
Masculinos,Zacien
Masculinos,Zacino
Masculinos,Zackas
Masculinos,Zackelsa
Masculinos,Zafiquer
Masculinos,Zaheli
Masculinos,Zaidónim
Masculinos,Zairati
Masculinos,Zairyan
Masculinos,Zakarionut
Masculinos,Zakarn
Masculinos,Zakaro
Masculinos,Zakaru
Masculinos,Zakayeed
Masculinos,Zakaylen
Masculinos,Zakayoshua
Masculinos,Zamer
Masculinos,Zammad
Masculinos,Zammane
Masculinos,Zammil
Masculinos,Zaquín
Masculinos,Zawadeny
Masculinos,Zawane
Masculinos,Zawardo
Masculinos,Zawazir
Masculinos,Zechan
Masculinos,Zecharjot
Masculinos,Zefernão
Masculinos,Zeideny
Masculinos,Zeinard
Masculinos,Zeinardo
Masculinos,Zeinarsh
Masculinos,Zekeny
Masculinos,Zekies
Masculinos,Zelarin
Masculinos,Zelassis
Masculinos,Zenias
Masculinos,Zeniel
Masculinos,Zeniil
Masculinos,Zenilo
Masculinos,Zenino
Masculinos,Zidary
Masculinos,Zidas
Masculinos,Zidaylo
Masculinos,Zineil
Masculinos,Zinho
Masculinos,Ziyaarónim
Masculinos,Ziyanio
Masculinos,Zuba
Masculinos,Zuriellon
Masculinos,Zurilton
Masculinos,Zyademir
Masculinos,Zyadion
Masculinos,Zyannico
Masculinos,Zylarmano
Masculinos,Zélicairo
Masculinos,Áddiegor
Masculinos,Áddier
Masculinos,Áderry
Masculinos,Ádrigor
Masculinos,Álandro
Masculinos,Álephan
Masculinos,Álephaël
Masculinos,Álexsan
Masculinos,Álisber
Masculinos,Álvarus
Masculinos,Ângheok
Masculinos,Édenilai
Masculinos,Éderic
Masculinos,Édou
Masculinos,Éktor
Masculinos,Éktore
Masculinos,Élcineu
Masculinos,Éltonid
Masculinos,Érichua
Masculinos,Éricker
Masculinos,Étiendo
Masculinos,Étier
Masculinos,Étiernard
Masculinos,Étieron
Masculinos,Étierr
Masculinos,Évander
Masculinos,Íveniil
Masculinos,Ívenil
Masculinos,Ívensh
Masculinos,Íventino
Masculinos,Ódinan
Masculinos,Ódiogou
Masculinos,Óscarlin
Masculinos,Óscaros
